STATION,NAME,LATITUDE,LONGITUDE,ELEVATION,DATE,AWND,AWND_ATTRIBUTES,PGTM,PGTM_ATTRIBUTES,PRCP,PRCP_ATTRIBUTES,TAVG,TAVG_ATTRIBUTES,TMAX,TMAX_ATTRIBUTES,TMIN,TMIN_ATTRIBUTES,WDF2,WDF2_ATTRIBUTES,WDF5,WDF5_ATTRIBUTES,WSF2,WSF2_ATTRIBUTES,WSF5,WSF5_ATTRIBUTES,WT01,WT01_ATTRIBUTES,WT02,WT02_ATTRIBUTES,WT03,WT03_ATTRIBUTES,WT08,WT08_ATTRIBUTES
USW00023190,"SANTA BARBARA MUNICIPAL AIRPORT, CA US",34.4241,-119.84249,2.5,1/1/2023,14.54,",,W",,,0,",,W,2400",,,62,",,W",45,",,W",260,",,W",280,",,W",25.1,",,W",38,",,W",,,,,,,,
USW00023190,"SANTA BARBARA MUNICIPAL AIRPORT, CA US",34.4241,-119.84249,2.5,1/2/2023,6.04,",,W",,,0.05,",,W,2400",,,56,",,W",43,",,W",100,",,W",110,",,W",16.1,",,W",19.9,",,W",,,,,,,,
USW00023190,"SANTA BARBARA MUNICIPAL AIRPORT, CA US",34.4241,-119.84249,2.5,1/3/2023,5.14,",,W",,,0,"T,,W,2400",,,62,",,W",51,",,W",110,",,W",110,",,W",13,",,W",18.1,",,W",1,",,W",,,,,1,",,W"
USW00023190,"SANTA BARBARA MUNICIPAL AIRPORT, CA US",34.4241,-119.84249,2.5,1/4/2023,15.88,",,W",,,0.69,",,W,2400",,,62,",,W",58,",,W",100,",,W",110,",,W",28,",,W",38,",,W",1,",,W",,,,,,
USW00023190,"SANTA BARBARA MUNICIPAL AIRPORT, CA US",34.4241,-119.84249,2.5,1/5/2023,10.29,",,W",,,0.5,",,W,2400",,,63,",,W",47,",,W",90,",,W",80,",,W",30,",,W",38,",,W",1,",,W",,,,,1,",,W"
USW00023190,"SANTA BARBARA MUNICIPAL AIRPORT, CA US",34.4241,-119.84249,2.5,1/6/2023,2.68,",,W",,,0,",,W,2400",,,62,",,W",41,",,W",230,",,W",230,",,W",10.1,",,W",13,",,W",,,,,,,,
USW00023190,"SANTA BARBARA MUNICIPAL AIRPORT, CA US",34.4241,-119.84249,2.5,1/7/2023,2.91,",,W",,,0,",,W,2400",,,64,",,W",44,",,W",70,",,W",70,",,W",12.1,",,W",14.1,",,W",,,,,,,,
USW00023190,"SANTA BARBARA MUNICIPAL AIRPORT, CA US",34.4241,-119.84249,2.5,1/8/2023,6.71,",,W",,,0.28,",,W,2400",,,62,",,W",49,",,W",90,",,W",90,",,W",14.1,",,W",17,",,W",1,",,W",,,,,1,",,W"
USW00023190,"SANTA BARBARA MUNICIPAL AIRPORT, CA US",34.4241,-119.84249,2.5,1/9/2023,12.75,",,W",,,4.22,",,W,2400",,,63,",,W",57,",,W",110,",,W",120,",,W",23,",,W",33.1,",,W",1,",,W",,,,,1,",,W"
USW00023190,"SANTA BARBARA MUNICIPAL AIRPORT, CA US",34.4241,-119.84249,2.5,1/10/2023,6.71,",,W",,,0.33,",,W,2400",,,62,",,W",52,",,W",250,",,W",250,",,W",25.9,",,W",34,",,W",1,",,W",,,,,,
USW00023190,"SANTA BARBARA MUNICIPAL AIRPORT, CA US",34.4241,-119.84249,2.5,1/11/2023,4.03,",,W",,,0,",,W,2400",,,60,",,W",49,",,W",140,",,W",130,",,W",13,",,W",15,",,W",,,,,,,1,",,W"
USW00023190,"SANTA BARBARA MUNICIPAL AIRPORT, CA US",34.4241,-119.84249,2.5,1/12/2023,2.91,",,W",,,0,",,W,2400",,,67,",,W",45,",,W",90,",,W",80,",,W",14.1,",,W",18.1,",,W",,,,,,,,
USW00023190,"SANTA BARBARA MUNICIPAL AIRPORT, CA US",34.4241,-119.84249,2.5,1/13/2023,2.68,",,W",,,0,"T,,W,2400",,,66,",,W",49,",,W",60,",,W",60,",,W",15,",,W",18.1,",,W",1,",,W",,,,,1,",,W"
USW00023190,"SANTA BARBARA MUNICIPAL AIRPORT, CA US",34.4241,-119.84249,2.5,1/14/2023,4.92,",,W",,,1.21,",,W,2400",,,59,",,W",53,",,W",120,",,W",130,",,W",15,",,W",19.9,",,W",1,",,W",,,,,1,",,W"
USW00023190,"SANTA BARBARA MUNICIPAL AIRPORT, CA US",34.4241,-119.84249,2.5,1/15/2023,5.82,",,W",,,0.41,",,W,2400",,,58,",,W",49,",,W",90,",,W",90,",,W",18.1,",,W",27.1,",,W",1,",,W",,,,,1,",,W"
USW00023190,"SANTA BARBARA MUNICIPAL AIRPORT, CA US",34.4241,-119.84249,2.5,1/16/2023,11.18,",,W",,,0.26,",,W,2400",,,62,",,W",48,",,W",270,",,W",270,",,W",21.9,",,W",28,",,W",1,",,W",,,,,,
USW00023190,"SANTA BARBARA MUNICIPAL AIRPORT, CA US",34.4241,-119.84249,2.5,1/17/2023,8.5,",,W",,,0,",,W,2400",,,62,",,W",45,",,W",320,",,W",320,",,W",19.9,",,W",27.1,",,W",,,,,,,,
USW00023190,"SANTA BARBARA MUNICIPAL AIRPORT, CA US",34.4241,-119.84249,2.5,1/18/2023,2.46,",,W",,,0,",,W,2400",,,61,",,W",38,",,W",270,",,W",270,",,W",12.1,",,W",13,",,W",,,,,,,,
USW00023190,"SANTA BARBARA MUNICIPAL AIRPORT, CA US",34.4241,-119.84249,2.5,1/19/2023,5.82,",,W",,,0,",,W,2400",,,63,",,W",39,",,W",270,",,W",270,",,W",21,",,W",27.1,",,W",,,,,,,,
USW00023190,"SANTA BARBARA MUNICIPAL AIRPORT, CA US",34.4241,-119.84249,2.5,1/20/2023,2.91,",,W",,,0,",,W,2400",,,60,",,W",35,",,W",260,",,W",260,",,W",15,",,W",18.1,",,W",,,,,,,,
USW00023190,"SANTA BARBARA MUNICIPAL AIRPORT, CA US",34.4241,-119.84249,2.5,1/21/2023,2.01,",,W",,,0,",,W,2400",,,60,",,W",36,",,W",130,",,W",150,",,W",8.9,",,W",11,",,W",,,,,,,,
USW00023190,"SANTA BARBARA MUNICIPAL AIRPORT, CA US",34.4241,-119.84249,2.5,1/22/2023,6.93,",,W",,,0,",,W,2400",,,69,",,W",37,",,W",30,",,W",50,",,W",25.1,",,W",33.1,",,W",,,,,,,,
USW00023190,"SANTA BARBARA MUNICIPAL AIRPORT, CA US",34.4241,-119.84249,2.5,1/23/2023,4.03,",,W",,,0,",,W,2400",,,60,",,W",39,",,W",30,",,W",250,",,W",15,",,W",17,",,W",,,,,,,,
USW00023190,"SANTA BARBARA MUNICIPAL AIRPORT, CA US",34.4241,-119.84249,2.5,1/24/2023,2.91,",,W",,,0,",,W,2400",,,65,",,W",35,",,W",240,",,W",250,",,W",10.1,",,W",13,",,W",,,,,,,,
USW00023190,"SANTA BARBARA MUNICIPAL AIRPORT, CA US",34.4241,-119.84249,2.5,1/25/2023,2.46,",,W",,,0,",,W,2400",,,67,",,W",37,",,W",200,",,W",200,",,W",8.1,",,W",10.1,",,W",,,,,,,,
USW00023190,"SANTA BARBARA MUNICIPAL AIRPORT, CA US",34.4241,-119.84249,2.5,1/26/2023,2.68,",,W",,,0,",,W,2400",,,68,",,W",38,",,W",270,",,W",270,",,W",12.1,",,W",14.1,",,W",,,,,,,,
USW00023190,"SANTA BARBARA MUNICIPAL AIRPORT, CA US",34.4241,-119.84249,2.5,1/27/2023,2.68,",,W",,,0,",,W,2400",,,66,",,W",38,",,W",260,",,W",240,",,W",10.1,",,W",12.1,",,W",,,,,,,,
USW00023190,"SANTA BARBARA MUNICIPAL AIRPORT, CA US",34.4241,-119.84249,2.5,1/28/2023,4.25,",,W",,,0,",,W,2400",,,61,",,W",40,",,W",130,",,W",230,",,W",12.1,",,W",13,",,W",,,,,,,,
USW00023190,"SANTA BARBARA MUNICIPAL AIRPORT, CA US",34.4241,-119.84249,2.5,1/29/2023,4.92,",,W",,,0,",,W,2400",,,58,",,W",45,",,W",260,",,W",260,",,W",16.1,",,W",21,",,W",,,,,,,,
USW00023190,"SANTA BARBARA MUNICIPAL AIRPORT, CA US",34.4241,-119.84249,2.5,1/30/2023,4.92,",,W",,,0.05,",,W,2400",,,59,",,W",46,",,W",10,",,W",360,",,W",18.1,",,W",23,",,W",,,,,,,,
USW00023190,"SANTA BARBARA MUNICIPAL AIRPORT, CA US",34.4241,-119.84249,2.5,1/31/2023,4.92,",,W",,,0,",,W,2400",,,61,",,W",40,",,W",30,",,W",360,",,W",19.9,",,W",25.1,",,W",,,,,,,,
USW00023190,"SANTA BARBARA MUNICIPAL AIRPORT, CA US",34.4241,-119.84249,2.5,2/1/2023,3.36,",,W",,,0,",,W,2400",,,63,",,W",37,",,W",250,",,W",250,",,W",15,",,W",17,",,W",,,,,,,,
USW00023190,"SANTA BARBARA MUNICIPAL AIRPORT, CA US",34.4241,-119.84249,2.5,2/2/2023,3.13,",,W",,,0,",,W,2400",,,65,",,W",38,",,W",100,",,W",90,",,W",14.1,",,W",16.1,",,W",,,,,,,,
USW00023190,"SANTA BARBARA MUNICIPAL AIRPORT, CA US",34.4241,-119.84249,2.5,2/3/2023,4.92,",,W",,,0,",,W,2400",,,68,",,W",45,",,W",250,",,W",260,",,W",17,",,W",21.9,",,W",,,,,,,,
USW00023190,"SANTA BARBARA MUNICIPAL AIRPORT, CA US",34.4241,-119.84249,2.5,2/4/2023,4.03,",,W",,,0.03,",,W,2400",,,66,",,W",42,",,W",260,",,W",260,",,W",14.1,",,W",17,",,W",1,",,W",,,,,,
USW00023190,"SANTA BARBARA MUNICIPAL AIRPORT, CA US",34.4241,-119.84249,2.5,2/5/2023,11.41,",,W",,,0.11,",,W,2400",,,66,",,W",51,",,W",330,",,W",270,",,W",28,",,W",34,",,W",1,",,W",,,,,,
USW00023190,"SANTA BARBARA MUNICIPAL AIRPORT, CA US",34.4241,-119.84249,2.5,2/6/2023,6.26,",,W",,,0,",,W,2400",,,68,",,W",43,",,W",320,",,W",320,",,W",18.1,",,W",21.9,",,W",,,,,,,,
USW00023190,"SANTA BARBARA MUNICIPAL AIRPORT, CA US",34.4241,-119.84249,2.5,2/7/2023,2.91,",,W",,,0,",,W,2400",,,66,",,W",37,",,W",240,",,W",270,",,W",12.1,",,W",14.1,",,W",,,,,,,,
USW00023190,"SANTA BARBARA MUNICIPAL AIRPORT, CA US",34.4241,-119.84249,2.5,2/8/2023,2.24,",,W",,,0,",,W,2400",,,70,",,W",40,",,W",250,",,W",230,",,W",10.1,",,W",14.1,",,W",,,,,,,,
USW00023190,"SANTA BARBARA MUNICIPAL AIRPORT, CA US",34.4241,-119.84249,2.5,2/9/2023,2.91,",,W",,,0,",,W,2400",,,80,",,W",41,",,W",260,",,W",260,",,W",12.1,",,W",13,",,W",,,,,,,,
USW00023190,"SANTA BARBARA MUNICIPAL AIRPORT, CA US",34.4241,-119.84249,2.5,2/10/2023,2.68,",,W",,,0,",,W,2400",,,71,",,W",44,",,W",240,",,W",250,",,W",10.1,",,W",12.1,",,W",,,,,,,1,",,W"
USW00023190,"SANTA BARBARA MUNICIPAL AIRPORT, CA US",34.4241,-119.84249,2.5,2/11/2023,8.72,",,W",,,0,",,W,2400",,,62,",,W",44,",,W",250,",,W",260,",,W",23.9,",,W",30,",,W",,,,,,,,
USW00023190,"SANTA BARBARA MUNICIPAL AIRPORT, CA US",34.4241,-119.84249,2.5,2/12/2023,4.47,",,W",,,0,",,W,2400",,,65,",,W",40,",,W",340,",,W",300,",,W",16.1,",,W",21,",,W",,,,,,,,
USW00023190,"SANTA BARBARA MUNICIPAL AIRPORT, CA US",34.4241,-119.84249,2.5,2/13/2023,5.82,",,W",,,0,",,W,2400",,,62,",,W",46,",,W",250,",,W",70,",,W",14.1,",,W",17,",,W",,,,,,,,
USW00023190,"SANTA BARBARA MUNICIPAL AIRPORT, CA US",34.4241,-119.84249,2.5,2/14/2023,11.18,",,W",,,0,",,W,2400",,,64,",,W",45,",,W",280,",,W",250,",,W",23.9,",,W",35.1,",,W",,,,,,,,
USW00023190,"SANTA BARBARA MUNICIPAL AIRPORT, CA US",34.4241,-119.84249,2.5,2/15/2023,5.59,",,W",,,0,",,W,2400",,,58,",,W",37,",,W",360,",,W",80,",,W",15,",,W",21.9,",,W",,,,,,,,
USW00023190,"SANTA BARBARA MUNICIPAL AIRPORT, CA US",34.4241,-119.84249,2.5,2/16/2023,2.24,",,W",,,0,",,W,2400",,,62,",,W",32,",,W",250,",,W",220,",,W",8.9,",,W",11,",,W",,,,,,,,
USW00023190,"SANTA BARBARA MUNICIPAL AIRPORT, CA US",34.4241,-119.84249,2.5,2/17/2023,2.46,",,W",,,0,",,W,2400",,,64,",,W",37,",,W",260,",,W",260,",,W",14.1,",,W",15,",,W",,,,,,,,
USW00023190,"SANTA BARBARA MUNICIPAL AIRPORT, CA US",34.4241,-119.84249,2.5,2/18/2023,1.12,",,W",,,0,",,W,2400",,,65,",,W",36,",,W",200,",,W",200,",,W",8.9,",,W",12.1,",,W",,,,,,,,
USW00023190,"SANTA BARBARA MUNICIPAL AIRPORT, CA US",34.4241,-119.84249,2.5,2/19/2023,3.13,",,W",,,0,",,W,2400",,,65,",,W",36,",,W",140,",,W",140,",,W",8.9,",,W",11,",,W",,,,,,,,
USW00023190,"SANTA BARBARA MUNICIPAL AIRPORT, CA US",34.4241,-119.84249,2.5,2/20/2023,2.91,",,W",,,0,",,W,2400",,,68,",,W",39,",,W",240,",,W",240,",,W",10.1,",,W",13,",,W",,,,,,,,
USW00023190,"SANTA BARBARA MUNICIPAL AIRPORT, CA US",34.4241,-119.84249,2.5,2/21/2023,9.84,",,W",,,0,"T,,W,2400",,,67,",,W",40,",,W",330,",,W",290,",,W",30,",,W",49,",,W",,,,,,,,
USW00023190,"SANTA BARBARA MUNICIPAL AIRPORT, CA US",34.4241,-119.84249,2.5,2/22/2023,14.76,",,W",,,0,"T,,W,2400",,,57,",,W",44,",,W",310,",,W",310,",,W",31.1,",,W",44.1,",,W",,,,,,,,
USW00023190,"SANTA BARBARA MUNICIPAL AIRPORT, CA US",34.4241,-119.84249,2.5,2/23/2023,5.59,",,W",,,0.26,",,W,2400",,,55,",,W",39,",,W",330,",,W",130,",,W",15,",,W",18.1,",,W",1,",,W",,,,,,
USW00023190,"SANTA BARBARA MUNICIPAL AIRPORT, CA US",34.4241,-119.84249,2.5,2/24/2023,14.76,",,W",,,1.64,",,W,2400",,,58,",,W",46,",,W",260,",,W",270,",,W",28,",,W",36,",,W",1,",,W",,,,,1,",,W"
USW00023190,"SANTA BARBARA MUNICIPAL AIRPORT, CA US",34.4241,-119.84249,2.5,2/25/2023,6.04,",,W",,,0.78,",,W,2400",,,52,",,W",38,",,W",230,",,W",260,",,W",16.1,",,W",19.9,",,W",1,",,W",,,,,1,",,W"
USW00023190,"SANTA BARBARA MUNICIPAL AIRPORT, CA US",34.4241,-119.84249,2.5,2/26/2023,5.14,",,W",,,0,",,W,2400",,,57,",,W",36,",,W",240,",,W",260,",,W",16.1,",,W",21,",,W",,,,,,,,
USW00023190,"SANTA BARBARA MUNICIPAL AIRPORT, CA US",34.4241,-119.84249,2.5,2/27/2023,6.04,",,W",,,0.37,",,W,2400",,,57,",,W",45,",,W",130,",,W",110,",,W",13,",,W",16.1,",,W",1,",,W",,,,,1,",,W"
USW00023190,"SANTA BARBARA MUNICIPAL AIRPORT, CA US",34.4241,-119.84249,2.5,2/28/2023,5.37,",,W",,,0.38,",,W,2400",,,58,",,W",40,",,W",250,",,W",260,",,W",17,",,W",21.9,",,W",1,",,W",,,,,1,",,W"
USW00023190,"SANTA BARBARA MUNICIPAL AIRPORT, CA US",34.4241,-119.84249,2.5,3/1/2023,14.32,",,W",,,0.21,",,W,2400",,,57,",,W",45,",,W",10,",,W",330,",,W",28,",,W",42.1,",,W",1,",,W",,,1,",,W",,
USW00023190,"SANTA BARBARA MUNICIPAL AIRPORT, CA US",34.4241,-119.84249,2.5,3/2/2023,4.7,",,W",,,0,",,W,2400",,,62,",,W",39,",,W",270,",,W",300,",,W",13,",,W",18.1,",,W",,,,,,,,
USW00023190,"SANTA BARBARA MUNICIPAL AIRPORT, CA US",34.4241,-119.84249,2.5,3/3/2023,3.13,",,W",,,0,",,W,2400",,,60,",,W",39,",,W",150,",,W",130,",,W",10.1,",,W",13,",,W",,,,,,,,
USW00023190,"SANTA BARBARA MUNICIPAL AIRPORT, CA US",34.4241,-119.84249,2.5,3/4/2023,6.49,",,W",,,0,",,W,2400",,,61,",,W",43,",,W",270,",,W",280,",,W",19.9,",,W",25.1,",,W",,,,,,,,
USW00023190,"SANTA BARBARA MUNICIPAL AIRPORT, CA US",34.4241,-119.84249,2.5,3/5/2023,3.8,",,W",,,0.12,",,W,2400",,,60,",,W",44,",,W",240,",,W",240,",,W",13,",,W",17,",,W",1,",,W",,,,,1,",,W"
USW00023190,"SANTA BARBARA MUNICIPAL AIRPORT, CA US",34.4241,-119.84249,2.5,3/6/2023,5.59,",,W",,,0,",,W,2400",,,59,",,W",40,",,W",270,",,W",270,",,W",18.1,",,W",23,",,W",,,,,,,,
USW00023190,"SANTA BARBARA MUNICIPAL AIRPORT, CA US",34.4241,-119.84249,2.5,3/7/2023,5.59,",,W",,,0,",,W,2400",,,63,",,W",42,",,W",250,",,W",250,",,W",21,",,W",27.1,",,W",,,,,,,,
USW00023190,"SANTA BARBARA MUNICIPAL AIRPORT, CA US",34.4241,-119.84249,2.5,3/8/2023,4.92,",,W",,,0,",,W,2400",,,64,",,W",40,",,W",240,",,W",240,",,W",21,",,W",25.9,",,W",,,,,,,,
USW00023190,"SANTA BARBARA MUNICIPAL AIRPORT, CA US",34.4241,-119.84249,2.5,3/9/2023,4.25,",,W",,,0.12,",,W,2400",,,60,",,W",43,",,W",140,",,W",140,",,W",14.1,",,W",17,",,W",1,",,W",,,,,,
USW00023190,"SANTA BARBARA MUNICIPAL AIRPORT, CA US",34.4241,-119.84249,2.5,3/10/2023,6.04,",,W",,,2.08,",,W,2400",,,58,",,W",51,",,W",60,",,W",110,",,W",13,",,W",17,",,W",1,",,W",,,,,,
USW00023190,"SANTA BARBARA MUNICIPAL AIRPORT, CA US",34.4241,-119.84249,2.5,3/11/2023,2.01,",,W",,,0.02,",,W,2400",,,63,",,W",56,",,W",170,",,W",160,",,W",10.1,",,W",12.1,",,W",1,",,W",,,,,,
USW00023190,"SANTA BARBARA MUNICIPAL AIRPORT, CA US",34.4241,-119.84249,2.5,3/12/2023,4.7,",,W",,,0,",,W,2400",,,64,",,W",55,",,W",260,",,W",250,",,W",16.1,",,W",21.9,",,W",1,",,W",1,",,W",,,,
USW00023190,"SANTA BARBARA MUNICIPAL AIRPORT, CA US",34.4241,-119.84249,2.5,3/13/2023,4.25,",,W",,,0,",,W,2400",,,62,",,W",54,",,W",250,",,W",250,",,W",10.1,",,W",12.1,",,W",1,",,W",,,,,1,",,W"
USW00023190,"SANTA BARBARA MUNICIPAL AIRPORT, CA US",34.4241,-119.84249,2.5,3/14/2023,11.41,",,W",,,2.54,",,W,2400",,,59,",,W",56,",,W",90,",,W",90,",,W",18.1,",,W",25.1,",,W",1,",,W",,,,,,
USW00023190,"SANTA BARBARA MUNICIPAL AIRPORT, CA US",34.4241,-119.84249,2.5,3/15/2023,6.49,",,W",,,0.33,",,W,2400",,,68,",,W",54,",,W",320,",,W",110,",,W",17,",,W",21.9,",,W",1,",,W",,,,,,
USW00023190,"SANTA BARBARA MUNICIPAL AIRPORT, CA US",34.4241,-119.84249,2.5,3/16/2023,5.14,",,W",,,0,",,W,2400",,,64,",,W",54,",,W",250,",,W",240,",,W",13,",,W",15,",,W",,,,,,,,
USW00023190,"SANTA BARBARA MUNICIPAL AIRPORT, CA US",34.4241,-119.84249,2.5,3/17/2023,4.25,",,W",,,0,",,W,2400",,,62,",,W",48,",,W",250,",,W",250,",,W",13,",,W",17,",,W",1,",,W",,,,,1,",,W"
USW00023190,"SANTA BARBARA MUNICIPAL AIRPORT, CA US",34.4241,-119.84249,2.5,3/18/2023,2.46,",,W",,,0,",,W,2400",,,67,",,W",44,",,W",130,",,W",130,",,W",10.1,",,W",12.1,",,W",,,,,,,,
USW00023190,"SANTA BARBARA MUNICIPAL AIRPORT, CA US",34.4241,-119.84249,2.5,3/19/2023,6.71,",,W",,,0.05,",,W,2400",,,61,",,W",55,",,W",110,",,W",120,",,W",19.9,",,W",27.1,",,W",1,",,W",,,,,,
USW00023190,"SANTA BARBARA MUNICIPAL AIRPORT, CA US",34.4241,-119.84249,2.5,3/20/2023,4.7,",,W",,,0.28,",,W,2400",,,61,",,W",52,",,W",250,",,W",250,",,W",12.1,",,W",15,",,W",1,",,W",,,,,,
USW00023190,"SANTA BARBARA MUNICIPAL AIRPORT, CA US",34.4241,-119.84249,2.5,3/21/2023,10.74,",,W",,,1.76,",,W,2400",,,60,",,W",49,",,W",110,",,W",90,",,W",30,",,W",42.1,",,W",1,",,W",,,1,",,W",1,",,W"
USW00023190,"SANTA BARBARA MUNICIPAL AIRPORT, CA US",34.4241,-119.84249,2.5,3/22/2023,6.71,",,W",,,0.43,",,W,2400",,,59,",,W",48,",,W",210,",,W",200,",,W",16.1,",,W",21.9,",,W",1,",,W",,,,,,
USW00023190,"SANTA BARBARA MUNICIPAL AIRPORT, CA US",34.4241,-119.84249,2.5,3/23/2023,9.62,",,W",,,0,"T,,W,2400",,,64,",,W",49,",,W",280,",,W",260,",,W",21.9,",,W",29.1,",,W",,,,,,,,
USW00023190,"SANTA BARBARA MUNICIPAL AIRPORT, CA US",34.4241,-119.84249,2.5,3/24/2023,9.84,",,W",,,0,",,W,2400",,,68,",,W",45,",,W",330,",,W",330,",,W",23.9,",,W",30,",,W",,,,,,,,
USW00023190,"SANTA BARBARA MUNICIPAL AIRPORT, CA US",34.4241,-119.84249,2.5,3/25/2023,8.5,",,W",,,0,",,W,2400",,,68,",,W",48,",,W",310,",,W",310,",,W",18.1,",,W",23,",,W",,,,,,,,
USW00023190,"SANTA BARBARA MUNICIPAL AIRPORT, CA US",34.4241,-119.84249,2.5,3/26/2023,9.17,",,W",,,0,",,W,2400",,,68,",,W",41,",,W",250,",,W",260,",,W",21,",,W",28,",,W",,,,,,,,
USW00023190,"SANTA BARBARA MUNICIPAL AIRPORT, CA US",34.4241,-119.84249,2.5,3/27/2023,4.7,",,W",,,0,",,W,2400",,,67,",,W",40,",,W",250,",,W",260,",,W",14.1,",,W",16.1,",,W",,,,,,,,
USW00023190,"SANTA BARBARA MUNICIPAL AIRPORT, CA US",34.4241,-119.84249,2.5,3/28/2023,5.37,",,W",,,0.37,",,W,2400",,,61,",,W",40,",,W",270,",,W",260,",,W",18.1,",,W",23.9,",,W",1,",,W",,,,,1,",,W"
USW00023190,"SANTA BARBARA MUNICIPAL AIRPORT, CA US",34.4241,-119.84249,2.5,3/29/2023,6.93,",,W",,,0.77,",,W,2400",,,59,",,W",47,",,W",240,",,W",230,",,W",18.1,",,W",23.9,",,W",1,",,W",,,,,,
USW00023190,"SANTA BARBARA MUNICIPAL AIRPORT, CA US",34.4241,-119.84249,2.5,3/30/2023,6.04,",,W",,,0.17,",,W,2400",,,61,",,W",46,",,W",260,",,W",280,",,W",18.1,",,W",21,",,W",1,",,W",,,,,,
USW00023190,"SANTA BARBARA MUNICIPAL AIRPORT, CA US",34.4241,-119.84249,2.5,3/31/2023,4.47,",,W",,,0,",,W,2400",,,61,",,W",43,",,W",70,",,W",70,",,W",13,",,W",15,",,W",,,,,,,,
USW00023190,"SANTA BARBARA MUNICIPAL AIRPORT, CA US",34.4241,-119.84249,2.5,4/1/2023,3.8,",,W",,,0,",,W,2400",,,67,",,W",42,",,W",80,",,W",80,",,W",12.1,",,W",14.1,",,W",,,,,,,,
USW00023190,"SANTA BARBARA MUNICIPAL AIRPORT, CA US",34.4241,-119.84249,2.5,4/2/2023,3.36,",,W",,,0,",,W,2400",,,68,",,W",46,",,W",320,",,W",320,",,W",14.1,",,W",16.1,",,W",,,,,,,1,",,W"
USW00023190,"SANTA BARBARA MUNICIPAL AIRPORT, CA US",34.4241,-119.84249,2.5,4/3/2023,15.66,",,W",,,0,",,W,2400",,,63,",,W",48,",,W",310,",,W",300,",,W",29.1,",,W",46.1,",,W",,,,,,,,
USW00023190,"SANTA BARBARA MUNICIPAL AIRPORT, CA US",34.4241,-119.84249,2.5,4/4/2023,10.29,",,W",,,0,",,W,2400",,,64,",,W",42,",,W",240,",,W",230,",,W",23.9,",,W",33.1,",,W",,,,,,,,
USW00023190,"SANTA BARBARA MUNICIPAL AIRPORT, CA US",34.4241,-119.84249,2.5,4/5/2023,5.82,",,W",,,0,",,W,2400",,,64,",,W",42,",,W",260,",,W",260,",,W",16.1,",,W",19,",,W",,,,,,,,
USW00023190,"SANTA BARBARA MUNICIPAL AIRPORT, CA US",34.4241,-119.84249,2.5,4/6/2023,4.47,",,W",,,0,",,W,2400",,,70,",,W",42,",,W",250,",,W",260,",,W",15,",,W",18.1,",,W",,,,,,,,
USW00023190,"SANTA BARBARA MUNICIPAL AIRPORT, CA US",34.4241,-119.84249,2.5,4/7/2023,4.7,",,W",,,0,",,W,2400",,,66,",,W",51,",,W",240,",,W",270,",,W",13,",,W",15,",,W",,,,,,,,
USW00023190,"SANTA BARBARA MUNICIPAL AIRPORT, CA US",34.4241,-119.84249,2.5,4/8/2023,5.14,",,W",,,0,"T,,W,2400",,,65,",,W",48,",,W",260,",,W",250,",,W",16.1,",,W",21.9,",,W",1,",,W",,,,,,
USW00023190,"SANTA BARBARA MUNICIPAL AIRPORT, CA US",34.4241,-119.84249,2.5,4/9/2023,3.8,",,W",,,0,",,W,2400",,,62,",,W",50,",,W",250,",,W",260,",,W",13,",,W",16.1,",,W",1,",,W",1,",,W",,,1,",,W"
USW00023190,"SANTA BARBARA MUNICIPAL AIRPORT, CA US",34.4241,-119.84249,2.5,4/10/2023,6.49,",,W",,,0,",,W,2400",,,64,",,W",52,",,W",260,",,W",230,",,W",14.1,",,W",17,",,W",1,",,W",1,",,W",,,1,",,W"
USW00023190,"SANTA BARBARA MUNICIPAL AIRPORT, CA US",34.4241,-119.84249,2.5,4/11/2023,4.03,",,W",,,0,",,W,2400",,,60,",,W",53,",,W",140,",,W",160,",,W",8.9,",,W",12.1,",,W",1,",,W",1,",,W",,,1,",,W"
USW00023190,"SANTA BARBARA MUNICIPAL AIRPORT, CA US",34.4241,-119.84249,2.5,4/12/2023,4.7,",,W",,,0,",,W,2400",,,62,",,W",47,",,W",70,",,W",70,",,W",12.1,",,W",15,",,W",1,",,W",,,,,1,",,W"
USW00023190,"SANTA BARBARA MUNICIPAL AIRPORT, CA US",34.4241,-119.84249,2.5,4/13/2023,5.37,",,W",,,0,",,W,2400",,,63,",,W",44,",,W",130,",,W",130,",,W",16.1,",,W",19,",,W",,,,,,,,
USW00023190,"SANTA BARBARA MUNICIPAL AIRPORT, CA US",34.4241,-119.84249,2.5,4/14/2023,4.25,",,W",,,0,",,W,2400",,,63,",,W",45,",,W",240,",,W",140,",,W",10.1,",,W",14.1,",,W",,,,,,,,
USW00023190,"SANTA BARBARA MUNICIPAL AIRPORT, CA US",34.4241,-119.84249,2.5,4/15/2023,4.7,",,W",,,0,",,W,2400",,,65,",,W",46,",,W",240,",,W",260,",,W",13,",,W",16.1,",,W",,,,,,,,
USW00023190,"SANTA BARBARA MUNICIPAL AIRPORT, CA US",34.4241,-119.84249,2.5,4/16/2023,5.59,",,W",,,0,",,W,2400",,,65,",,W",49,",,W",160,",,W",140,",,W",12.1,",,W",15,",,W",1,",,W",,,,,1,",,W"
USW00023190,"SANTA BARBARA MUNICIPAL AIRPORT, CA US",34.4241,-119.84249,2.5,4/17/2023,5.37,",,W",,,0,",,W,2400",,,62,",,W",47,",,W",120,",,W",110,",,W",13,",,W",16.1,",,W",1,",,W",,,,,,
USW00023190,"SANTA BARBARA MUNICIPAL AIRPORT, CA US",34.4241,-119.84249,2.5,4/18/2023,7.38,",,W",,,0,",,W,2400",,,68,",,W",45,",,W",260,",,W",260,",,W",23.9,",,W",32,",,W",,,,,,,,
USW00023190,"SANTA BARBARA MUNICIPAL AIRPORT, CA US",34.4241,-119.84249,2.5,4/19/2023,8.95,",,W",,,0,",,W,2400",,,68,",,W",47,",,W",30,",,W",10,",,W",18.1,",,W",23.9,",,W",,,,,,,,
USW00023190,"SANTA BARBARA MUNICIPAL AIRPORT, CA US",34.4241,-119.84249,2.5,4/20/2023,3.36,",,W",,,0,",,W,2400",,,76,",,W",46,",,W",250,",,W",260,",,W",10.1,",,W",13,",,W",1,",,W",,,,,1,",,W"
USW00023190,"SANTA BARBARA MUNICIPAL AIRPORT, CA US",34.4241,-119.84249,2.5,4/21/2023,4.47,",,W",,,0,",,W,2400",,,81,",,W",48,",,W",250,",,W",250,",,W",15,",,W",18.1,",,W",,,,,,,,
USW00023190,"SANTA BARBARA MUNICIPAL AIRPORT, CA US",34.4241,-119.84249,2.5,4/22/2023,4.03,",,W",,,0,",,W,2400",,,77,",,W",52,",,W",20,",,W",20,",,W",19.9,",,W",23.9,",,W",,,,,,,,
USW00023190,"SANTA BARBARA MUNICIPAL AIRPORT, CA US",34.4241,-119.84249,2.5,4/23/2023,5.59,",,W",,,0,",,W,2400",,,67,",,W",52,",,W",150,",,W",160,",,W",12.1,",,W",15,",,W",1,",,W",,,,,1,",,W"
USW00023190,"SANTA BARBARA MUNICIPAL AIRPORT, CA US",34.4241,-119.84249,2.5,4/24/2023,5.37,",,W",,,0,",,W,2400",,,64,",,W",52,",,W",140,",,W",120,",,W",10.1,",,W",14.1,",,W",1,",,W",,,,,1,",,W"
USW00023190,"SANTA BARBARA MUNICIPAL AIRPORT, CA US",34.4241,-119.84249,2.5,4/25/2023,5.82,",,W",,,0,",,W,2400",,,66,",,W",53,",,W",270,",,W",260,",,W",14.1,",,W",16.1,",,W",1,",,W",,,,,1,",,W"
USW00023190,"SANTA BARBARA MUNICIPAL AIRPORT, CA US",34.4241,-119.84249,2.5,4/26/2023,4.7,",,W",,,0,",,W,2400",,,60,",,W",53,",,W",260,",,W",270,",,W",14.1,",,W",17,",,W",1,",,W",1,",,W",,,,
USW00023190,"SANTA BARBARA MUNICIPAL AIRPORT, CA US",34.4241,-119.84249,2.5,4/27/2023,5.82,",,W",,,0,",,W,2400",,,62,",,W",52,",,W",260,",,W",250,",,W",13,",,W",18.1,",,W",1,",,W",1,",,W",,,,
USW00023190,"SANTA BARBARA MUNICIPAL AIRPORT, CA US",34.4241,-119.84249,2.5,4/28/2023,4.92,",,W",,,0,",,W,2400",,,62,",,W",52,",,W",250,",,W",250,",,W",13,",,W",16.1,",,W",1,",,W",,,,,1,",,W"
USW00023190,"SANTA BARBARA MUNICIPAL AIRPORT, CA US",34.4241,-119.84249,2.5,4/29/2023,5.82,",,W",,,0,",,W,2400",,,63,",,W",53,",,W",80,",,W",80,",,W",16.1,",,W",19.9,",,W",1,",,W",,,,,1,",,W"
USW00023190,"SANTA BARBARA MUNICIPAL AIRPORT, CA US",34.4241,-119.84249,2.5,4/30/2023,4.7,",,W",,,0,",,W,2400",,,64,",,W",53,",,W",120,",,W",230,",,W",12.1,",,W",16.1,",,W",1,",,W",,,,,,
USW00023190,"SANTA BARBARA MUNICIPAL AIRPORT, CA US",34.4241,-119.84249,2.5,5/1/2023,8.05,",,W",,,0,",,W,2400",,,69,",,W",47,",,W",250,",,W",270,",,W",23,",,W",34,",,W",,,,,,,,
USW00023190,"SANTA BARBARA MUNICIPAL AIRPORT, CA US",34.4241,-119.84249,2.5,5/2/2023,3.36,",,W",,,0,"T,,W,2400",,,62,",,W",44,",,W",150,",,W",150,",,W",12.1,",,W",15,",,W",,,,,,,,
USW00023190,"SANTA BARBARA MUNICIPAL AIRPORT, CA US",34.4241,-119.84249,2.5,5/3/2023,7.38,",,W",,,0.41,",,W,2400",,,64,",,W",45,",,W",130,",,W",130,",,W",16.1,",,W",19,",,W",1,",,W",,,,,,
USW00023190,"SANTA BARBARA MUNICIPAL AIRPORT, CA US",34.4241,-119.84249,2.5,5/4/2023,5.82,",,W",,,0.14,",,W,2400",,,65,",,W",49,",,W",130,",,W",140,",,W",14.1,",,W",17,",,W",1,",,W",,,,,,
USW00023190,"SANTA BARBARA MUNICIPAL AIRPORT, CA US",34.4241,-119.84249,2.5,5/5/2023,4.92,",,W",,,0.04,",,W,2400",,,65,",,W",50,",,W",270,",,W",250,",,W",14.1,",,W",18.1,",,W",1,",,W",,,,,,
USW00023190,"SANTA BARBARA MUNICIPAL AIRPORT, CA US",34.4241,-119.84249,2.5,5/6/2023,6.26,",,W",,,0,",,W,2400",,,66,",,W",46,",,W",260,",,W",270,",,W",21.9,",,W",27.1,",,W",,,,,,,,
USW00023190,"SANTA BARBARA MUNICIPAL AIRPORT, CA US",34.4241,-119.84249,2.5,5/7/2023,5.37,",,W",,,0,",,W,2400",,,67,",,W",48,",,W",230,",,W",230,",,W",13,",,W",17,",,W",,,,,,,,
USW00023190,"SANTA BARBARA MUNICIPAL AIRPORT, CA US",34.4241,-119.84249,2.5,5/8/2023,4.47,",,W",,,0,",,W,2400",,,72,",,W",49,",,W",250,",,W",250,",,W",17,",,W",21.9,",,W",,,,,,,,
USW00023190,"SANTA BARBARA MUNICIPAL AIRPORT, CA US",34.4241,-119.84249,2.5,5/9/2023,7.61,",,W",,,0,",,W,2400",,,67,",,W",50,",,W",260,",,W",270,",,W",21.9,",,W",28,",,W",,,,,,,,
USW00023190,"SANTA BARBARA MUNICIPAL AIRPORT, CA US",34.4241,-119.84249,2.5,5/10/2023,6.49,",,W",,,0,",,W,2400",,,69,",,W",51,",,W",140,",,W",350,",,W",14.1,",,W",18.1,",,W",,,,,,,,
USW00023190,"SANTA BARBARA MUNICIPAL AIRPORT, CA US",34.4241,-119.84249,2.5,5/11/2023,4.92,",,W",,,0,",,W,2400",,,70,",,W",49,",,W",220,",,W",240,",,W",13,",,W",16.1,",,W",,,,,,,,
USW00023190,"SANTA BARBARA MUNICIPAL AIRPORT, CA US",34.4241,-119.84249,2.5,5/12/2023,4.7,",,W",,,0,",,W,2400",,,70,",,W",50,",,W",240,",,W",240,",,W",12.1,",,W",14.1,",,W",1,",,W",,,,,,
USW00023190,"SANTA BARBARA MUNICIPAL AIRPORT, CA US",34.4241,-119.84249,2.5,5/13/2023,6.04,",,W",,,0,",,W,2400",,,66,",,W",56,",,W",250,",,W",230,",,W",12.1,",,W",15,",,W",1,",,W",1,",,W",,,1,",,W"
USW00023190,"SANTA BARBARA MUNICIPAL AIRPORT, CA US",34.4241,-119.84249,2.5,5/14/2023,6.04,",,W",,,0,",,W,2400",,,69,",,W",56,",,W",260,",,W",90,",,W",10.1,",,W",14.1,",,W",1,",,W",,,,,1,",,W"
USW00023190,"SANTA BARBARA MUNICIPAL AIRPORT, CA US",34.4241,-119.84249,2.5,5/15/2023,4.92,",,W",,,0,",,W,2400",,,63,",,W",57,",,W",260,",,W",260,",,W",13,",,W",14.1,",,W",1,",,W",,,,,1,",,W"
USW00023190,"SANTA BARBARA MUNICIPAL AIRPORT, CA US",34.4241,-119.84249,2.5,5/16/2023,4.92,",,W",,,0,",,W,2400",,,66,",,W",55,",,W",240,",,W",180,",,W",10.1,",,W",17,",,W",1,",,W",,,,,1,",,W"
USW00023190,"SANTA BARBARA MUNICIPAL AIRPORT, CA US",34.4241,-119.84249,2.5,5/17/2023,6.49,",,W",,,0,",,W,2400",,,66,",,W",56,",,W",80,",,W",80,",,W",15,",,W",19.9,",,W",1,",,W",,,,,1,",,W"
USW00023190,"SANTA BARBARA MUNICIPAL AIRPORT, CA US",34.4241,-119.84249,2.5,5/18/2023,5.82,",,W",,,0,",,W,2400",,,66,",,W",57,",,W",270,",,W",130,",,W",10.1,",,W",13,",,W",1,",,W",,,,,1,",,W"
USW00023190,"SANTA BARBARA MUNICIPAL AIRPORT, CA US",34.4241,-119.84249,2.5,5/19/2023,4.25,",,W",,,0,",,W,2400",,,67,",,W",57,",,W",260,",,W",270,",,W",14.1,",,W",17,",,W",1,",,W",,,,,,
USW00023190,"SANTA BARBARA MUNICIPAL AIRPORT, CA US",34.4241,-119.84249,2.5,5/20/2023,5.59,",,W",,,0,",,W,2400",,,68,",,W",58,",,W",110,",,W",240,",,W",12.1,",,W",15,",,W",1,",,W",,,,,,
USW00023190,"SANTA BARBARA MUNICIPAL AIRPORT, CA US",34.4241,-119.84249,2.5,5/21/2023,4.92,",,W",,,0,",,W,2400",,,64,",,W",58,",,W",260,",,W",270,",,W",12.1,",,W",14.1,",,W",1,",,W",,,,,,
USW00023190,"SANTA BARBARA MUNICIPAL AIRPORT, CA US",34.4241,-119.84249,2.5,5/22/2023,4.92,",,W",,,0,",,W,2400",,,64,",,W",57,",,W",260,",,W",240,",,W",13,",,W",15,",,W",1,",,W",,,,,,
USW00023190,"SANTA BARBARA MUNICIPAL AIRPORT, CA US",34.4241,-119.84249,2.5,5/23/2023,4.47,",,W",,,0,",,W,2400",,,65,",,W",57,",,W",250,",,W",240,",,W",10.1,",,W",13,",,W",1,",,W",,,,,1,",,W"
USW00023190,"SANTA BARBARA MUNICIPAL AIRPORT, CA US",34.4241,-119.84249,2.5,5/24/2023,6.04,",,W",,,0,",,W,2400",,,68,",,W",60,",,W",240,",,W",250,",,W",14.1,",,W",16.1,",,W",,,,,,,,
USW00023190,"SANTA BARBARA MUNICIPAL AIRPORT, CA US",34.4241,-119.84249,2.5,5/25/2023,5.59,",,W",,,0,",,W,2400",,,67,",,W",60,",,W",240,",,W",240,",,W",13,",,W",16.1,",,W",,,,,,,,
USW00023190,"SANTA BARBARA MUNICIPAL AIRPORT, CA US",34.4241,-119.84249,2.5,5/26/2023,5.59,",,W",,,0,",,W,2400",,,68,",,W",55,",,W",260,",,W",260,",,W",16.1,",,W",21,",,W",,,,,,,,
USW00023190,"SANTA BARBARA MUNICIPAL AIRPORT, CA US",34.4241,-119.84249,2.5,5/27/2023,4.92,",,W",,,0,",,W,2400",,,68,",,W",50,",,W",240,",,W",240,",,W",13,",,W",16.1,",,W",,,,,,,,
USW00023190,"SANTA BARBARA MUNICIPAL AIRPORT, CA US",34.4241,-119.84249,2.5,5/28/2023,4.7,",,W",,,0,",,W,2400",,,66,",,W",58,",,W",250,",,W",220,",,W",10.1,",,W",13,",,W",,,,,,,1,",,W"
USW00023190,"SANTA BARBARA MUNICIPAL AIRPORT, CA US",34.4241,-119.84249,2.5,5/29/2023,5.14,",,W",,,0,",,W,2400",,,68,",,W",60,",,W",270,",,W",260,",,W",15,",,W",17,",,W",,,,,,,,
USW00023190,"SANTA BARBARA MUNICIPAL AIRPORT, CA US",34.4241,-119.84249,2.5,5/30/2023,4.7,",,W",,,0,",,W,2400",,,68,",,W",60,",,W",250,",,W",250,",,W",17,",,W",21,",,W",,,,,,,,
USW00023190,"SANTA BARBARA MUNICIPAL AIRPORT, CA US",34.4241,-119.84249,2.5,5/31/2023,5.14,",,W",,,0,",,W,2400",,,68,",,W",55,",,W",130,",,W",130,",,W",14.1,",,W",17,",,W",,,,,,,,
USW00023190,"SANTA BARBARA MUNICIPAL AIRPORT, CA US",34.4241,-119.84249,2.5,6/1/2023,4.03,",,W",,,0,",,W,2400",,,69,",,W",52,",,W",270,",,W",250,",,W",10.1,",,W",14.1,",,W",,,,,,,,
USW00023190,"SANTA BARBARA MUNICIPAL AIRPORT, CA US",34.4241,-119.84249,2.5,6/2/2023,5.59,",,W",,,0,",,W,2400",,,71,",,W",54,",,W",240,",,W",240,",,W",15,",,W",19,",,W",,,,,,,,
USW00023190,"SANTA BARBARA MUNICIPAL AIRPORT, CA US",34.4241,-119.84249,2.5,6/3/2023,5.14,",,W",,,0,",,W,2400",,,69,",,W",52,",,W",240,",,W",140,",,W",8.9,",,W",14.1,",,W",,,,,,,,
USW00023190,"SANTA BARBARA MUNICIPAL AIRPORT, CA US",34.4241,-119.84249,2.5,6/4/2023,4.25,",,W",,,0,",,W,2400",,,66,",,W",58,",,W",260,",,W",270,",,W",12.1,",,W",14.1,",,W",1,",,W",,,,,1,",,W"
USW00023190,"SANTA BARBARA MUNICIPAL AIRPORT, CA US",34.4241,-119.84249,2.5,6/5/2023,5.82,",,W",,,0.02,",,W,2400",,,63,",,W",59,",,W",80,",,W",80,",,W",13,",,W",15,",,W",1,",,W",,,,,1,",,W"
USW00023190,"SANTA BARBARA MUNICIPAL AIRPORT, CA US",34.4241,-119.84249,2.5,6/6/2023,4.25,",,W",,,0.19,",,W,2400",,,68,",,W",58,",,W",110,",,W",100,",,W",12.1,",,W",14.1,",,W",1,",,W",,,,,,
USW00023190,"SANTA BARBARA MUNICIPAL AIRPORT, CA US",34.4241,-119.84249,2.5,6/7/2023,4.47,",,W",,,0.01,",,W,2400",,,68,",,W",57,",,W",150,",,W",140,",,W",10.1,",,W",14.1,",,W",1,",,W",,,,,1,",,W"
USW00023190,"SANTA BARBARA MUNICIPAL AIRPORT, CA US",34.4241,-119.84249,2.5,6/8/2023,5.82,",,W",,,0,",,W,2400",,,69,",,W",57,",,W",260,",,W",260,",,W",15,",,W",18.1,",,W",,,,,,,,
USW00023190,"SANTA BARBARA MUNICIPAL AIRPORT, CA US",34.4241,-119.84249,2.5,6/9/2023,4.03,",,W",,,0,",,W,2400",,,66,",,W",56,",,W",260,",,W",250,",,W",10.1,",,W",11,",,W",,,,,,,,
USW00023190,"SANTA BARBARA MUNICIPAL AIRPORT, CA US",34.4241,-119.84249,2.5,6/10/2023,4.7,",,W",,,0,",,W,2400",,,66,",,W",62,",,W",40,",,W",30,",,W",14.1,",,W",17,",,W",1,",,W",,,,,1,",,W"
USW00023190,"SANTA BARBARA MUNICIPAL AIRPORT, CA US",34.4241,-119.84249,2.5,6/11/2023,5.37,",,W",,,0,",,W,2400",,,69,",,W",61,",,W",250,",,W",260,",,W",12.1,",,W",16.1,",,W",1,",,W",,,,,1,",,W"
USW00023190,"SANTA BARBARA MUNICIPAL AIRPORT, CA US",34.4241,-119.84249,2.5,6/12/2023,5.82,",,W",,,0,",,W,2400",,,69,",,W",60,",,W",250,",,W",240,",,W",14.1,",,W",16.1,",,W",,,,,,,,
USW00023190,"SANTA BARBARA MUNICIPAL AIRPORT, CA US",34.4241,-119.84249,2.5,6/13/2023,5.37,",,W",,,0,",,W,2400",,,68,",,W",55,",,W",270,",,W",260,",,W",15,",,W",18.1,",,W",,,,,,,,
USW00023190,"SANTA BARBARA MUNICIPAL AIRPORT, CA US",34.4241,-119.84249,2.5,6/14/2023,5.14,",,W",,,0,",,W,2400",,,67,",,W",58,",,W",130,",,W",130,",,W",8.9,",,W",12.1,",,W",,,,,,,,
USW00023190,"SANTA BARBARA MUNICIPAL AIRPORT, CA US",34.4241,-119.84249,2.5,6/15/2023,5.14,",,W",,,0,",,W,2400",,,69,",,W",60,",,W",260,",,W",270,",,W",10.1,",,W",13,",,W",1,",,W",,,,,1,",,W"
USW00023190,"SANTA BARBARA MUNICIPAL AIRPORT, CA US",34.4241,-119.84249,2.5,6/16/2023,5.59,",,W",,,0,",,W,2400",,,70,",,W",60,",,W",260,",,W",250,",,W",14.1,",,W",17,",,W",,,,,,,,
USW00023190,"SANTA BARBARA MUNICIPAL AIRPORT, CA US",34.4241,-119.84249,2.5,6/17/2023,7.16,",,W",,,0,",,W,2400",,,73,",,W",57,",,W",70,",,W",80,",,W",15,",,W",18.1,",,W",1,",,W",,,,,1,",,W"
USW00023190,"SANTA BARBARA MUNICIPAL AIRPORT, CA US",34.4241,-119.84249,2.5,6/18/2023,6.04,",,W",,,0,",,W,2400",,,68,",,W",57,",,W",90,",,W",70,",,W",14.1,",,W",17,",,W",1,",,W",,,,,1,",,W"
USW00023190,"SANTA BARBARA MUNICIPAL AIRPORT, CA US",34.4241,-119.84249,2.5,6/19/2023,3.8,",,W",,,0,",,W,2400",,,72,",,W",53,",,W",130,",,W",150,",,W",8.9,",,W",13,",,W",,,,,,,,
USW00023190,"SANTA BARBARA MUNICIPAL AIRPORT, CA US",34.4241,-119.84249,2.5,6/20/2023,4.92,",,W",,,0,",,W,2400",,,75,",,W",51,",,W",130,",,W",150,",,W",14.1,",,W",16.1,",,W",,,,,,,1,",,W"
USW00023190,"SANTA BARBARA MUNICIPAL AIRPORT, CA US",34.4241,-119.84249,2.5,6/21/2023,4.47,",,W",,,0,",,W,2400",,,76,",,W",51,",,W",130,",,W",130,",,W",13,",,W",14.1,",,W",,,,,,,,
USW00023190,"SANTA BARBARA MUNICIPAL AIRPORT, CA US",34.4241,-119.84249,2.5,6/22/2023,6.49,",,W",,,0,",,W,2400",,,71,",,W",51,",,W",250,",,W",260,",,W",19.9,",,W",23.9,",,W",,,,,,,,
USW00023190,"SANTA BARBARA MUNICIPAL AIRPORT, CA US",34.4241,-119.84249,2.5,6/23/2023,6.26,",,W",,,0,",,W,2400",,,71,",,W",49,",,W",260,",,W",250,",,W",18.1,",,W",23,",,W",,,,,,,,
USW00023190,"SANTA BARBARA MUNICIPAL AIRPORT, CA US",34.4241,-119.84249,2.5,6/24/2023,4.25,",,W",,,0,",,W,2400",,,73,",,W",53,",,W",260,",,W",250,",,W",14.1,",,W",17,",,W",,,,,,,,
USW00023190,"SANTA BARBARA MUNICIPAL AIRPORT, CA US",34.4241,-119.84249,2.5,6/25/2023,6.26,",,W",,,0,",,W,2400",,,74,",,W",51,",,W",240,",,W",250,",,W",15,",,W",18.1,",,W",,,,,,,,
USW00023190,"SANTA BARBARA MUNICIPAL AIRPORT, CA US",34.4241,-119.84249,2.5,6/26/2023,6.26,",,W",,,0,",,W,2400",,,74,",,W",53,",,W",130,",,W",130,",,W",16.1,",,W",19.9,",,W",,,,,,,1,",,W"
USW00023190,"SANTA BARBARA MUNICIPAL AIRPORT, CA US",34.4241,-119.84249,2.5,6/27/2023,5.82,",,W",,,0,",,W,2400",,,73,",,W",53,",,W",240,",,W",240,",,W",16.1,",,W",18.1,",,W",,,,,,,,
USW00023190,"SANTA BARBARA MUNICIPAL AIRPORT, CA US",34.4241,-119.84249,2.5,6/28/2023,6.49,",,W",,,0,",,W,2400",,,71,",,W",55,",,W",130,",,W",130,",,W",15,",,W",18.1,",,W",,,,,,,,
USW00023190,"SANTA BARBARA MUNICIPAL AIRPORT, CA US",34.4241,-119.84249,2.5,6/29/2023,6.71,",,W",,,0,",,W,2400",,,70,",,W",54,",,W",110,",,W",250,",,W",13,",,W",16.1,",,W",1,",,W",,,,,,
USW00023190,"SANTA BARBARA MUNICIPAL AIRPORT, CA US",34.4241,-119.84249,2.5,6/30/2023,6.26,",,W",,,0,",,W,2400",,,69,",,W",58,",,W",240,",,W",250,",,W",15,",,W",17,",,W",1,",,W",,,,,1,",,W"
USW00023190,"SANTA BARBARA MUNICIPAL AIRPORT, CA US",34.4241,-119.84249,2.5,7/1/2023,6.71,",,W",,,0,",,W,2400",,,69,",,W",58,",,W",250,",,W",260,",,W",14.1,",,W",17,",,W",1,",,W",,,,,1,",,W"
USW00023190,"SANTA BARBARA MUNICIPAL AIRPORT, CA US",34.4241,-119.84249,2.5,7/2/2023,6.49,",,W",,,0,",,W,2400",,,70,",,W",58,",,W",260,",,W",250,",,W",17,",,W",21,",,W",1,",,W",,,,,1,",,W"
USW00023190,"SANTA BARBARA MUNICIPAL AIRPORT, CA US",34.4241,-119.84249,2.5,7/3/2023,4.92,",,W",,,0,",,W,2400",,,70,",,W",58,",,W",140,",,W",130,",,W",10.1,",,W",13,",,W",1,",,W",,,,,1,",,W"
USW00023190,"SANTA BARBARA MUNICIPAL AIRPORT, CA US",34.4241,-119.84249,2.5,7/4/2023,8.95,",,W",,,0,",,W,2400",,,68,",,W",58,",,W",260,",,W",260,",,W",17,",,W",21,",,W",1,",,W",,,,,1,",,W"
USW00023190,"SANTA BARBARA MUNICIPAL AIRPORT, CA US",34.4241,-119.84249,2.5,7/5/2023,6.71,",,W",,,0,",,W,2400",,,69,",,W",56,",,W",240,",,W",230,",,W",16.1,",,W",19,",,W",1,",,W",,,,,1,",,W"
USW00023190,"SANTA BARBARA MUNICIPAL AIRPORT, CA US",34.4241,-119.84249,2.5,7/6/2023,6.71,",,W",,,0,",,W,2400",,,71,",,W",54,",,W",150,",,W",120,",,W",15,",,W",19,",,W",1,",,W",,,,,1,",,W"
USW00023190,"SANTA BARBARA MUNICIPAL AIRPORT, CA US",34.4241,-119.84249,2.5,7/7/2023,5.37,",,W",,,0,",,W,2400",,,69,",,W",53,",,W",160,",,W",160,",,W",12.1,",,W",14.1,",,W",1,",,W",,,,,1,",,W"
USW00023190,"SANTA BARBARA MUNICIPAL AIRPORT, CA US",34.4241,-119.84249,2.5,7/8/2023,5.59,",,W",,,0,",,W,2400",,,70,",,W",53,",,W",120,",,W",130,",,W",16.1,",,W",21,",,W",1,",,W",,,,,1,",,W"
USW00023190,"SANTA BARBARA MUNICIPAL AIRPORT, CA US",34.4241,-119.84249,2.5,7/9/2023,5.14,",,W",,,0,",,W,2400",,,75,",,W",54,",,W",130,",,W",140,",,W",15,",,W",18.1,",,W",1,",,W",,,,,1,",,W"
USW00023190,"SANTA BARBARA MUNICIPAL AIRPORT, CA US",34.4241,-119.84249,2.5,7/10/2023,6.71,",,W",,,0,",,W,2400",,,74,",,W",57,",,W",260,",,W",260,",,W",15,",,W",17,",,W",,,,,,,,
USW00023190,"SANTA BARBARA MUNICIPAL AIRPORT, CA US",34.4241,-119.84249,2.5,7/11/2023,4.7,",,W",,,0,",,W,2400",,,68,",,W",57,",,W",250,",,W",240,",,W",13,",,W",15,",,W",1,",,W",1,",,W",,,1,",,W"
USW00023190,"SANTA BARBARA MUNICIPAL AIRPORT, CA US",34.4241,-119.84249,2.5,7/12/2023,4.7,",,W",,,0,",,W,2400",,,75,",,W",56,",,W",230,",,W",250,",,W",10.1,",,W",12.1,",,W",1,",,W",1,",,W",,,1,",,W"
USW00023190,"SANTA BARBARA MUNICIPAL AIRPORT, CA US",34.4241,-119.84249,2.5,7/13/2023,5.82,",,W",,,0,",,W,2400",,,77,",,W",58,",,W",130,",,W",120,",,W",13,",,W",16.1,",,W",1,",,W",,,,,1,",,W"
USW00023190,"SANTA BARBARA MUNICIPAL AIRPORT, CA US",34.4241,-119.84249,2.5,7/14/2023,4.7,",,W",,,0,",,W,2400",,,78,",,W",56,",,W",140,",,W",140,",,W",10.1,",,W",13,",,W",,,,,,,1,",,W"
USW00023190,"SANTA BARBARA MUNICIPAL AIRPORT, CA US",34.4241,-119.84249,2.5,7/15/2023,4.7,",,W",,,0,",,W,2400",,,75,",,W",58,",,W",130,",,W",130,",,W",10.1,",,W",13,",,W",1,",,W",,,,,1,",,W"
USW00023190,"SANTA BARBARA MUNICIPAL AIRPORT, CA US",34.4241,-119.84249,2.5,7/16/2023,4.47,",,W",,,0,",,W,2400",,,74,",,W",58,",,W",240,",,W",240,",,W",12.1,",,W",14.1,",,W",1,",,W",1,",,W",,,1,",,W"
USW00023190,"SANTA BARBARA MUNICIPAL AIRPORT, CA US",34.4241,-119.84249,2.5,7/17/2023,4.92,",,W",,,0,",,W,2400",,,74,",,W",60,",,W",250,",,W",250,",,W",12.1,",,W",14.1,",,W",1,",,W",,,,,,
USW00023190,"SANTA BARBARA MUNICIPAL AIRPORT, CA US",34.4241,-119.84249,2.5,7/18/2023,4.7,",,W",,,0,",,W,2400",,,75,",,W",61,",,W",260,",,W",240,",,W",14.1,",,W",16.1,",,W",1,",,W",,,,,1,",,W"
USW00023190,"SANTA BARBARA MUNICIPAL AIRPORT, CA US",34.4241,-119.84249,2.5,7/19/2023,5.14,",,W",,,0,",,W,2400",,,77,",,W",60,",,W",240,",,W",250,",,W",12.1,",,W",14.1,",,W",1,",,W",1,",,W",,,1,",,W"
USW00023190,"SANTA BARBARA MUNICIPAL AIRPORT, CA US",34.4241,-119.84249,2.5,7/20/2023,4.03,",,W",,,0,",,W,2400",,,78,",,W",58,",,W",140,",,W",260,",,W",12.1,",,W",15,",,W",,,,,,,1,",,W"
USW00023190,"SANTA BARBARA MUNICIPAL AIRPORT, CA US",34.4241,-119.84249,2.5,7/21/2023,6.04,",,W",,,0,",,W,2400",,,75,",,W",62,",,W",140,",,W",150,",,W",14.1,",,W",16.1,",,W",1,",,W",,,,,1,",,W"
USW00023190,"SANTA BARBARA MUNICIPAL AIRPORT, CA US",34.4241,-119.84249,2.5,7/22/2023,7.16,",,W",,,0,",,W,2400",,,75,",,W",60,",,W",140,",,W",120,",,W",16.1,",,W",19,",,W",1,",,W",1,",,W",,,1,",,W"
USW00023190,"SANTA BARBARA MUNICIPAL AIRPORT, CA US",34.4241,-119.84249,2.5,7/23/2023,7.61,",,W",,,0,",,W,2400",,,76,",,W",61,",,W",130,",,W",130,",,W",17,",,W",21,",,W",1,",,W",1,",,W",,,1,",,W"
USW00023190,"SANTA BARBARA MUNICIPAL AIRPORT, CA US",34.4241,-119.84249,2.5,7/24/2023,5.82,",,W",,,0,",,W,2400",,,75,",,W",62,",,W",240,",,W",240,",,W",16.1,",,W",19,",,W",1,",,W",1,",,W",,,1,",,W"
USW00023190,"SANTA BARBARA MUNICIPAL AIRPORT, CA US",34.4241,-119.84249,2.5,7/25/2023,5.59,",,W",,,0,",,W,2400",,,82,",,W",63,",,W",260,",,W",260,",,W",15,",,W",18.1,",,W",1,",,W",,,,,1,",,W"
USW00023190,"SANTA BARBARA MUNICIPAL AIRPORT, CA US",34.4241,-119.84249,2.5,7/26/2023,5.14,",,W",,,0,",,W,2400",,,82,",,W",61,",,W",240,",,W",240,",,W",10.1,",,W",15,",,W",,,,,,,1,",,W"
USW00023190,"SANTA BARBARA MUNICIPAL AIRPORT, CA US",34.4241,-119.84249,2.5,7/27/2023,4.92,",,W",,,0,",,W,2400",,,79,",,W",61,",,W",130,",,W",200,",,W",10.1,",,W",13,",,W",1,",,W",,,,,1,",,W"
USW00023190,"SANTA BARBARA MUNICIPAL AIRPORT, CA US",34.4241,-119.84249,2.5,7/28/2023,4.47,",,W",,,0,",,W,2400",,,80,",,W",62,",,W",140,",,W",150,",,W",10.1,",,W",14.1,",,W",1,",,W",,,,,1,",,W"
USW00023190,"SANTA BARBARA MUNICIPAL AIRPORT, CA US",34.4241,-119.84249,2.5,7/29/2023,4.7,",,W",,,0,",,W,2400",,,78,",,W",61,",,W",240,",,W",240,",,W",15,",,W",18.1,",,W",1,",,W",,,,,1,",,W"
USW00023190,"SANTA BARBARA MUNICIPAL AIRPORT, CA US",34.4241,-119.84249,2.5,7/30/2023,5.82,",,W",,,0,",,W,2400",,,77,",,W",62,",,W",140,",,W",140,",,W",15,",,W",19,",,W",1,",,W",,,,,1,",,W"
USW00023190,"SANTA BARBARA MUNICIPAL AIRPORT, CA US",34.4241,-119.84249,2.5,7/31/2023,5.82,",,W",,,0,",,W,2400",,,80,",,W",63,",,W",110,",,W",110,",,W",13,",,W",17,",,W",1,",,W",,,,,1,",,W"
USW00023190,"SANTA BARBARA MUNICIPAL AIRPORT, CA US",34.4241,-119.84249,2.5,8/1/2023,4.92,",,W",,,0,",,W,2400",,,79,",,W",60,",,W",240,",,W",250,",,W",13,",,W",15,",,W",1,",,W",,,,,1,",,W"
USW00023190,"SANTA BARBARA MUNICIPAL AIRPORT, CA US",34.4241,-119.84249,2.5,8/2/2023,5.14,",,W",,,0,",,W,2400",,,82,",,W",58,",,W",140,",,W",140,",,W",13,",,W",16.1,",,W",,,,,,,,
USW00023190,"SANTA BARBARA MUNICIPAL AIRPORT, CA US",34.4241,-119.84249,2.5,8/3/2023,4.47,",,W",,,0,",,W,2400",,,85,",,W",57,",,W",170,",,W",120,",,W",10.1,",,W",15,",,W",,,,,,,,
USW00023190,"SANTA BARBARA MUNICIPAL AIRPORT, CA US",34.4241,-119.84249,2.5,8/4/2023,5.82,",,W",,,0,",,W,2400",,,78,",,W",59,",,W",150,",,W",130,",,W",13,",,W",17,",,W",,,,,,,,
USW00023190,"SANTA BARBARA MUNICIPAL AIRPORT, CA US",34.4241,-119.84249,2.5,8/5/2023,4.92,",,W",,,0,",,W,2400",,,78,",,W",56,",,W",140,",,W",140,",,W",13,",,W",15,",,W",1,",,W",,,,,1,",,W"
USW00023190,"SANTA BARBARA MUNICIPAL AIRPORT, CA US",34.4241,-119.84249,2.5,8/6/2023,3.58,",,W",,,0,",,W,2400",,,75,",,W",58,",,W",140,",,W",140,",,W",12.1,",,W",14.1,",,W",1,",,W",,,,,1,",,W"
USW00023190,"SANTA BARBARA MUNICIPAL AIRPORT, CA US",34.4241,-119.84249,2.5,8/7/2023,6.26,",,W",,,0,",,W,2400",,,75,",,W",61,",,W",260,",,W",150,",,W",12.1,",,W",14.1,",,W",1,",,W",,,,,1,",,W"
USW00023190,"SANTA BARBARA MUNICIPAL AIRPORT, CA US",34.4241,-119.84249,2.5,8/8/2023,5.37,",,W",,,0,",,W,2400",,,77,",,W",62,",,W",240,",,W",260,",,W",13,",,W",17,",,W",1,",,W",,,,,1,",,W"
USW00023190,"SANTA BARBARA MUNICIPAL AIRPORT, CA US",34.4241,-119.84249,2.5,8/9/2023,4.92,",,W",,,0,",,W,2400",,,77,",,W",63,",,W",250,",,W",230,",,W",12.1,",,W",14.1,",,W",1,",,W",,,,,1,",,W"
USW00023190,"SANTA BARBARA MUNICIPAL AIRPORT, CA US",34.4241,-119.84249,2.5,8/10/2023,4.03,",,W",,,0.17,",,W,2400",,,73,",,W",65,",,W",250,",,W",260,",,W",13,",,W",15,",,W",1,",,W",,,,,1,",,W"
USW00023190,"SANTA BARBARA MUNICIPAL AIRPORT, CA US",34.4241,-119.84249,2.5,8/11/2023,4.47,",,W",,,0,",,W,2400",,,72,",,W",65,",,W",250,",,W",260,",,W",13,",,W",15,",,W",1,",,W",,,,,1,",,W"
USW00023190,"SANTA BARBARA MUNICIPAL AIRPORT, CA US",34.4241,-119.84249,2.5,8/12/2023,6.26,",,W",,,0,",,W,2400",,,76,",,W",64,",,W",140,",,W",140,",,W",14.1,",,W",17,",,W",1,",,W",,,,,1,",,W"
USW00023190,"SANTA BARBARA MUNICIPAL AIRPORT, CA US",34.4241,-119.84249,2.5,8/13/2023,6.93,",,W",,,0,",,W,2400",,,76,",,W",65,",,W",250,",,W",250,",,W",17,",,W",19.9,",,W",1,",,W",,,,,1,",,W"
USW00023190,"SANTA BARBARA MUNICIPAL AIRPORT, CA US",34.4241,-119.84249,2.5,8/14/2023,5.82,",,W",,,0,",,W,2400",,,74,",,W",64,",,W",260,",,W",270,",,W",16.1,",,W",19,",,W",1,",,W",,,,,,
USW00023190,"SANTA BARBARA MUNICIPAL AIRPORT, CA US",34.4241,-119.84249,2.5,8/15/2023,6.71,",,W",,,0,",,W,2400",,,74,",,W",63,",,W",260,",,W",250,",,W",14.1,",,W",18.1,",,W",1,",,W",,,,,,
USW00023190,"SANTA BARBARA MUNICIPAL AIRPORT, CA US",34.4241,-119.84249,2.5,8/16/2023,6.93,",,W",,,0,",,W,2400",,,77,",,W",64,",,W",260,",,W",260,",,W",16.1,",,W",19,",,W",1,",,W",,,,,1,",,W"
USW00023190,"SANTA BARBARA MUNICIPAL AIRPORT, CA US",34.4241,-119.84249,2.5,8/17/2023,8.05,",,W",,,0,"T,,W,2400",,,73,",,W",63,",,W",260,",,W",260,",,W",19.9,",,W",23,",,W",1,",,W",,,,,1,",,W"
USW00023190,"SANTA BARBARA MUNICIPAL AIRPORT, CA US",34.4241,-119.84249,2.5,8/18/2023,5.82,",,W",,,0,",,W,2400",,,77,",,W",62,",,W",250,",,W",250,",,W",15,",,W",18.1,",,W",1,",,W",,,,,1,",,W"
USW00023190,"SANTA BARBARA MUNICIPAL AIRPORT, CA US",34.4241,-119.84249,2.5,8/19/2023,4.7,",,W",,,0,",,W,2400",,,77,",,W",58,",,W",250,",,W",260,",,W",13,",,W",16.1,",,W",,,,,,,1,",,W"
USW00023190,"SANTA BARBARA MUNICIPAL AIRPORT, CA US",34.4241,-119.84249,2.5,8/20/2023,3.58,",,W",,,0.11,",,W,2400",,,79,",,W",63,",,W",90,",,W",80,",,W",14.1,",,W",19,",,W",1,",,W",,,,,1,",,W"
USW00023190,"SANTA BARBARA MUNICIPAL AIRPORT, CA US",34.4241,-119.84249,2.5,8/21/2023,8.5,",,W",,,0.02,",,W,2400",,,75,",,W",64,",,W",100,",,W",110,",,W",21.9,",,W",29.1,",,W",1,",,W",,,,,1,",,W"
USW00023190,"SANTA BARBARA MUNICIPAL AIRPORT, CA US",34.4241,-119.84249,2.5,8/22/2023,5.14,",,W",,,0,",,W,2400",,,80,",,W",60,",,W",250,",,W",250,",,W",14.1,",,W",17,",,W",,,,,,,,
USW00023190,"SANTA BARBARA MUNICIPAL AIRPORT, CA US",34.4241,-119.84249,2.5,8/23/2023,6.26,",,W",,,0,",,W,2400",,,79,",,W",59,",,W",260,",,W",260,",,W",15,",,W",19,",,W",1,",,W",,,,,1,",,W"
USW00023190,"SANTA BARBARA MUNICIPAL AIRPORT, CA US",34.4241,-119.84249,2.5,8/24/2023,6.71,",,W",,,0,",,W,2400",,,75,",,W",60,",,W",260,",,W",260,",,W",16.1,",,W",19.9,",,W",1,",,W",,,,,1,",,W"
USW00023190,"SANTA BARBARA MUNICIPAL AIRPORT, CA US",34.4241,-119.84249,2.5,8/25/2023,5.59,",,W",,,0,",,W,2400",,,79,",,W",57,",,W",240,",,W",250,",,W",13,",,W",16.1,",,W",1,",,W",1,",,W",,,1,",,W"
USW00023190,"SANTA BARBARA MUNICIPAL AIRPORT, CA US",34.4241,-119.84249,2.5,8/26/2023,5.82,",,W",,,0,",,W,2400",,,81,",,W",63,",,W",260,",,W",250,",,W",13,",,W",16.1,",,W",1,",,W",,,,,1,",,W"
USW00023190,"SANTA BARBARA MUNICIPAL AIRPORT, CA US",34.4241,-119.84249,2.5,8/27/2023,4.03,",,W",,,0,",,W,2400",,,84,",,W",58,",,W",230,",,W",220,",,W",10.1,",,W",13,",,W",1,",,W",,,,,1,",,W"
USW00023190,"SANTA BARBARA MUNICIPAL AIRPORT, CA US",34.4241,-119.84249,2.5,8/28/2023,3.8,",,W",,,0,",,W,2400",,,88,",,W",58,",,W",120,",,W",250,",,W",8.9,",,W",13,",,W",1,",,W",,,,,1,",,W"
USW00023190,"SANTA BARBARA MUNICIPAL AIRPORT, CA US",34.4241,-119.84249,2.5,8/29/2023,3.8,",,W",,,0,",,W,2400",,,85,",,W",58,",,W",130,",,W",130,",,W",10.1,",,W",13,",,W",1,",,W",,,,,1,",,W"
USW00023190,"SANTA BARBARA MUNICIPAL AIRPORT, CA US",34.4241,-119.84249,2.5,8/30/2023,2.91,",,W",,,0,",,W,2400",,,84,",,W",60,",,W",250,",,W",240,",,W",8.9,",,W",12.1,",,W",1,",,W",,,,,1,",,W"
USW00023190,"SANTA BARBARA MUNICIPAL AIRPORT, CA US",34.4241,-119.84249,2.5,8/31/2023,3.8,",,W",,,0,",,W,2400",,,72,",,W",58,",,W",140,",,W",140,",,W",8.9,",,W",13,",,W",1,",,W",,,,,1,",,W"
USW00023190,"SANTA BARBARA MUNICIPAL AIRPORT, CA US",34.4241,-119.84249,2.5,9/1/2023,6.93,",,W",,,0,",,W,2400",,,75,",,W",64,",,W",100,",,W",120,",,W",13,",,W",16.1,",,W",1,",,W",,,,,1,",,W"
USW00023190,"SANTA BARBARA MUNICIPAL AIRPORT, CA US",34.4241,-119.84249,2.5,9/2/2023,6.49,",,W",,,0,"T,,W,2400",,,76,",,W",68,",,W",140,",,W",140,",,W",13,",,W",18.1,",,W",1,",,W",,,,,1,",,W"
USW00023190,"SANTA BARBARA MUNICIPAL AIRPORT, CA US",34.4241,-119.84249,2.5,9/3/2023,6.71,",,W",,,0,",,W,2400",,,77,",,W",62,",,W",250,",,W",250,",,W",18.1,",,W",21.9,",,W",,,,,,,1,",,W"
USW00023190,"SANTA BARBARA MUNICIPAL AIRPORT, CA US",34.4241,-119.84249,2.5,9/4/2023,5.59,",,W",,,0,",,W,2400",,,76,",,W",56,",,W",140,",,W",150,",,W",13,",,W",16.1,",,W",,,,,,,,
USW00023190,"SANTA BARBARA MUNICIPAL AIRPORT, CA US",34.4241,-119.84249,2.5,9/5/2023,5.37,",,W",,,0,",,W,2400",,,74,",,W",62,",,W",140,",,W",130,",,W",13,",,W",16.1,",,W",,,,,,,1,",,W"
USW00023190,"SANTA BARBARA MUNICIPAL AIRPORT, CA US",34.4241,-119.84249,2.5,9/6/2023,6.49,",,W",,,0,",,W,2400",,,77,",,W",62,",,W",260,",,W",260,",,W",16.1,",,W",19,",,W",,,,,,,1,",,W"
USW00023190,"SANTA BARBARA MUNICIPAL AIRPORT, CA US",34.4241,-119.84249,2.5,9/7/2023,5.82,",,W",,,0,",,W,2400",,,77,",,W",59,",,W",270,",,W",260,",,W",13,",,W",15,",,W",,,,,,,1,",,W"
USW00023190,"SANTA BARBARA MUNICIPAL AIRPORT, CA US",34.4241,-119.84249,2.5,9/8/2023,4.7,",,W",,,0,",,W,2400",,,78,",,W",58,",,W",260,",,W",250,",,W",13,",,W",15,",,W",1,",,W",,,,,,
USW00023190,"SANTA BARBARA MUNICIPAL AIRPORT, CA US",34.4241,-119.84249,2.5,9/9/2023,3.13,",,W",,,0,"T,,W,2400",,,86,",,W",62,",,W",130,",,W",140,",,W",17,",,W",21,",,W",1,",,W",,,,,,
USW00023190,"SANTA BARBARA MUNICIPAL AIRPORT, CA US",34.4241,-119.84249,2.5,9/10/2023,5.82,",,W",,,0,"T,,W,2400",,,86,",,W",67,",,W",210,",,W",210,",,W",14.1,",,W",19.9,",,W",,,,,,,1,",,W"
USW00023190,"SANTA BARBARA MUNICIPAL AIRPORT, CA US",34.4241,-119.84249,2.5,9/11/2023,4.03,",,W",,,0,",,W,2400",,,85,",,W",65,",,W",230,",,W",220,",,W",15,",,W",21,",,W",1,",,W",,,,,1,",,W"
USW00023190,"SANTA BARBARA MUNICIPAL AIRPORT, CA US",34.4241,-119.84249,2.5,9/12/2023,4.7,",,W",,,0,",,W,2400",,,78,",,W",59,",,W",140,",,W",140,",,W",13,",,W",15,",,W",1,",,W",,,,,1,",,W"
USW00023190,"SANTA BARBARA MUNICIPAL AIRPORT, CA US",34.4241,-119.84249,2.5,9/13/2023,4.92,",,W",,,0,",,W,2400",,,75,",,W",59,",,W",260,",,W",260,",,W",13,",,W",15,",,W",1,",,W",,,,,1,",,W"
USW00023190,"SANTA BARBARA MUNICIPAL AIRPORT, CA US",34.4241,-119.84249,2.5,9/14/2023,5.37,",,W",,,0,",,W,2400",,,71,",,W",60,",,W",250,",,W",250,",,W",12.1,",,W",14.1,",,W",1,",,W",,,,,1,",,W"
USW00023190,"SANTA BARBARA MUNICIPAL AIRPORT, CA US",34.4241,-119.84249,2.5,9/15/2023,5.14,",,W",,,0,",,W,2400",,,70,",,W",61,",,W",260,",,W",260,",,W",13,",,W",16.1,",,W",1,",,W",,,,,1,",,W"
USW00023190,"SANTA BARBARA MUNICIPAL AIRPORT, CA US",34.4241,-119.84249,2.5,9/16/2023,3.58,",,W",,,0,",,W,2400",,,72,",,W",59,",,W",230,",,W",250,",,W",8.9,",,W",12.1,",,W",,,,,,,,
USW00023190,"SANTA BARBARA MUNICIPAL AIRPORT, CA US",34.4241,-119.84249,2.5,9/17/2023,3.8,",,W",,,0,",,W,2400",,,75,",,W",57,",,W",240,",,W",260,",,W",13,",,W",16.1,",,W",,,,,,,,
USW00023190,"SANTA BARBARA MUNICIPAL AIRPORT, CA US",34.4241,-119.84249,2.5,9/18/2023,3.8,",,W",,,0,",,W,2400",,,76,",,W",53,",,W",250,",,W",250,",,W",16.1,",,W",19.9,",,W",,,,,,,,
USW00023190,"SANTA BARBARA MUNICIPAL AIRPORT, CA US",34.4241,-119.84249,2.5,9/19/2023,3.58,",,W",,,0,",,W,2400",,,76,",,W",55,",,W",240,",,W",230,",,W",12.1,",,W",14.1,",,W",,,,,,,1,",,W"
USW00023190,"SANTA BARBARA MUNICIPAL AIRPORT, CA US",34.4241,-119.84249,2.5,9/20/2023,4.47,",,W",,,0,",,W,2400",,,77,",,W",56,",,W",250,",,W",250,",,W",13,",,W",15,",,W",,,,,,,1,",,W"
USW00023190,"SANTA BARBARA MUNICIPAL AIRPORT, CA US",34.4241,-119.84249,2.5,9/21/2023,4.25,",,W",,,0,",,W,2400",,,73,",,W",55,",,W",250,",,W",250,",,W",10.1,",,W",13,",,W",,,,,,,1,",,W"
USW00023190,"SANTA BARBARA MUNICIPAL AIRPORT, CA US",34.4241,-119.84249,2.5,9/22/2023,3.8,",,W",,,0,"T,,W,2400",,,74,",,W",53,",,W",170,",,W",180,",,W",14.1,",,W",17,",,W",1,",,W",,,,,1,",,W"
USW00023190,"SANTA BARBARA MUNICIPAL AIRPORT, CA US",34.4241,-119.84249,2.5,9/23/2023,3.8,",,W",,,0,",,W,2400",,,74,",,W",53,",,W",260,",,W",230,",,W",10.1,",,W",14.1,",,W",1,",,W",,,,,1,",,W"
USW00023190,"SANTA BARBARA MUNICIPAL AIRPORT, CA US",34.4241,-119.84249,2.5,9/24/2023,5.37,",,W",,,0,",,W,2400",,,73,",,W",55,",,W",250,",,W",260,",,W",14.1,",,W",17,",,W",1,",,W",,,,,1,",,W"
USW00023190,"SANTA BARBARA MUNICIPAL AIRPORT, CA US",34.4241,-119.84249,2.5,9/25/2023,3.8,",,W",,,0,",,W,2400",,,76,",,W",51,",,W",240,",,W",130,",,W",8.9,",,W",13,",,W",1,",,W",,,,,1,",,W"
USW00023190,"SANTA BARBARA MUNICIPAL AIRPORT, CA US",34.4241,-119.84249,2.5,9/26/2023,3.36,",,W",,,0,",,W,2400",,,79,",,W",52,",,W",150,",,W",100,",,W",12.1,",,W",14.1,",,W",,,,,,,,
USW00023190,"SANTA BARBARA MUNICIPAL AIRPORT, CA US",34.4241,-119.84249,2.5,9/27/2023,3.58,",,W",,,0,",,W,2400",,,78,",,W",54,",,W",150,",,W",150,",,W",14.1,",,W",16.1,",,W",,,,,,,,
USW00023190,"SANTA BARBARA MUNICIPAL AIRPORT, CA US",34.4241,-119.84249,2.5,9/28/2023,4.47,",,W",,,0,",,W,2400",,,74,",,W",54,",,W",250,",,W",240,",,W",12.1,",,W",14.1,",,W",1,",,W",,,,,1,",,W"
USW00023190,"SANTA BARBARA MUNICIPAL AIRPORT, CA US",34.4241,-119.84249,2.5,9/29/2023,3.58,",,W",,,0,",,W,2400",,,71,",,W",59,",,W",250,",,W",260,",,W",14.1,",,W",16.1,",,W",1,",,W",,,,,1,",,W"
USW00023190,"SANTA BARBARA MUNICIPAL AIRPORT, CA US",34.4241,-119.84249,2.5,9/30/2023,7.83,",,W",,,0,",,W,2400",,,76,",,W",55,",,W",240,",,W",260,",,W",23,",,W",28,",,W",,,,,,,,
USW00023190,"SANTA BARBARA MUNICIPAL AIRPORT, CA US",34.4241,-119.84249,2.5,10/1/2023,4.25,",,W",,,0,",,W,2400",,,71,",,W",50,",,W",250,",,W",240,",,W",13,",,W",16.1,",,W",,,,,,,,
USW00023190,"SANTA BARBARA MUNICIPAL AIRPORT, CA US",34.4241,-119.84249,2.5,10/2/2023,3.8,",,W",,,0,",,W,2400",,,71,",,W",51,",,W",140,",,W",110,",,W",13,",,W",15,",,W",,,,,,,,
USW00023190,"SANTA BARBARA MUNICIPAL AIRPORT, CA US",34.4241,-119.84249,2.5,10/3/2023,3.13,",,W",,,0,",,W,2400",,,77,",,W",50,",,W",240,",,W",250,",,W",12.1,",,W",14.1,",,W",,,,,,,,
USW00023190,"SANTA BARBARA MUNICIPAL AIRPORT, CA US",34.4241,-119.84249,2.5,10/4/2023,4.25,",,W",,,0,",,W,2400",,,85,",,W",52,",,W",250,",,W",260,",,W",15,",,W",18.1,",,W",,,,,,,,
USW00023190,"SANTA BARBARA MUNICIPAL AIRPORT, CA US",34.4241,-119.84249,2.5,10/5/2023,4.03,",,W",,,0,",,W,2400",,,90,",,W",54,",,W",250,",,W",250,",,W",14.1,",,W",17,",,W",,,,,,,,
USW00023190,"SANTA BARBARA MUNICIPAL AIRPORT, CA US",34.4241,-119.84249,2.5,10/6/2023,4.25,",,W",,,0,",,W,2400",,,95,",,W",55,",,W",240,",,W",250,",,W",14.1,",,W",16.1,",,W",,,,,,,1,",,W"
USW00023190,"SANTA BARBARA MUNICIPAL AIRPORT, CA US",34.4241,-119.84249,2.5,10/7/2023,4.47,",,W",,,0,",,W,2400",,,83,",,W",55,",,W",250,",,W",260,",,W",12.1,",,W",14.1,",,W",,,,,,,1,",,W"
USW00023190,"SANTA BARBARA MUNICIPAL AIRPORT, CA US",34.4241,-119.84249,2.5,10/8/2023,6.49,",,W",,,0,",,W,2400",,,71,",,W",61,",,W",260,",,W",250,",,W",14.1,",,W",18.1,",,W",,,,,,,1,",,W"
USW00023190,"SANTA BARBARA MUNICIPAL AIRPORT, CA US",34.4241,-119.84249,2.5,10/9/2023,3.8,",,W",,,0,",,W,2400",,,74,",,W",57,",,W",250,",,W",260,",,W",10.1,",,W",14.1,",,W",1,",,W",,,,,1,",,W"
USW00023190,"SANTA BARBARA MUNICIPAL AIRPORT, CA US",34.4241,-119.84249,2.5,10/10/2023,5.37,",,W",,,0,",,W,2400",,,74,",,W",55,",,W",320,",,W",310,",,W",23,",,W",29.1,",,W",,,,,,,,
USW00023190,"SANTA BARBARA MUNICIPAL AIRPORT, CA US",34.4241,-119.84249,2.5,10/11/2023,7.61,",,W",,,0,",,W,2400",,,84,",,W",58,",,W",290,",,W",280,",,W",21,",,W",27.1,",,W",,,,,,,,
USW00023190,"SANTA BARBARA MUNICIPAL AIRPORT, CA US",34.4241,-119.84249,2.5,10/12/2023,4.25,",,W",,,0,",,W,2400",,,78,",,W",50,",,W",260,",,W",260,",,W",15,",,W",18.1,",,W",,,,,,,,
USW00023190,"SANTA BARBARA MUNICIPAL AIRPORT, CA US",34.4241,-119.84249,2.5,10/13/2023,3.58,",,W",,,0,",,W,2400",,,74,",,W",52,",,W",150,",,W",140,",,W",10.1,",,W",12.1,",,W",,,,,,,,
USW00023190,"SANTA BARBARA MUNICIPAL AIRPORT, CA US",34.4241,-119.84249,2.5,10/14/2023,2.46,",,W",,,0,",,W,2400",,,74,",,W",51,",,W",250,",,W",240,",,W",13,",,W",16.1,",,W",,,,,,,1,",,W"
USW00023190,"SANTA BARBARA MUNICIPAL AIRPORT, CA US",34.4241,-119.84249,2.5,10/15/2023,3.36,",,W",,,0,",,W,2400",,,80,",,W",52,",,W",260,",,W",230,",,W",12.1,",,W",15,",,W",,,,,,,1,",,W"
USW00023190,"SANTA BARBARA MUNICIPAL AIRPORT, CA US",34.4241,-119.84249,2.5,10/16/2023,2.68,",,W",,,0,",,W,2400",,,80,",,W",51,",,W",150,",,W",150,",,W",10.1,",,W",13,",,W",,,,,,,,
USW00023190,"SANTA BARBARA MUNICIPAL AIRPORT, CA US",34.4241,-119.84249,2.5,10/17/2023,3.36,",,W",,,0,",,W,2400",,,68,",,W",53,",,W",150,",,W",120,",,W",10.1,",,W",12.1,",,W",1,",,W",1,",,W",,,1,",,W"
USW00023190,"SANTA BARBARA MUNICIPAL AIRPORT, CA US",34.4241,-119.84249,2.5,10/18/2023,4.25,",,W",,,0,",,W,2400",,,69,",,W",57,",,W",260,",,W",230,",,W",12.1,",,W",13,",,W",1,",,W",1,",,W",,,1,",,W"
USW00023190,"SANTA BARBARA MUNICIPAL AIRPORT, CA US",34.4241,-119.84249,2.5,10/19/2023,4.47,",,W",,,0,",,W,2400",,,71,",,W",60,",,W",260,",,W",260,",,W",14.1,",,W",17,",,W",1,",,W",1,",,W",,,1,",,W"
USW00023190,"SANTA BARBARA MUNICIPAL AIRPORT, CA US",34.4241,-119.84249,2.5,10/20/2023,2.91,",,W",,,0,",,W,2400",,,72,",,W",56,",,W",140,",,W",150,",,W",8.1,",,W",10.1,",,W",1,",,W",1,",,W",,,1,",,W"
USW00023190,"SANTA BARBARA MUNICIPAL AIRPORT, CA US",34.4241,-119.84249,2.5,10/21/2023,3.13,",,W",,,0,",,W,2400",,,79,",,W",54,",,W",130,",,W",130,",,W",12.1,",,W",15,",,W",,,,,,,,
USW00023190,"SANTA BARBARA MUNICIPAL AIRPORT, CA US",34.4241,-119.84249,2.5,10/22/2023,8.72,",,W",,,0,",,W,2400",,,85,",,W",51,",,W",270,",,W",280,",,W",25.1,",,W",35.1,",,W",,,,,,,1,",,W"
USW00023190,"SANTA BARBARA MUNICIPAL AIRPORT, CA US",34.4241,-119.84249,2.5,10/23/2023,5.82,",,W",,,0,",,W,2400",,,75,",,W",55,",,W",130,",,W",300,",,W",15,",,W",19,",,W",,,,,,,,
USW00023190,"SANTA BARBARA MUNICIPAL AIRPORT, CA US",34.4241,-119.84249,2.5,10/24/2023,4.92,",,W",,,0,",,W,2400",,,73,",,W",53,",,W",80,",,W",80,",,W",12.1,",,W",15,",,W",1,",,W",,,,,1,",,W"
USW00023190,"SANTA BARBARA MUNICIPAL AIRPORT, CA US",34.4241,-119.84249,2.5,10/25/2023,5.14,",,W",,,0,",,W,2400",,,72,",,W",54,",,W",250,",,W",240,",,W",13,",,W",16.1,",,W",,,,,,,1,",,W"
USW00023190,"SANTA BARBARA MUNICIPAL AIRPORT, CA US",34.4241,-119.84249,2.5,10/26/2023,4.25,",,W",,,0,",,W,2400",,,72,",,W",51,",,W",240,",,W",240,",,W",13,",,W",16.1,",,W",,,,,,,,
USW00023190,"SANTA BARBARA MUNICIPAL AIRPORT, CA US",34.4241,-119.84249,2.5,10/27/2023,3.13,",,W",,,0,",,W,2400",,,69,",,W",48,",,W",150,",,W",130,",,W",8.9,",,W",12.1,",,W",,,,,,,,
USW00023190,"SANTA BARBARA MUNICIPAL AIRPORT, CA US",34.4241,-119.84249,2.5,10/28/2023,8.28,",,W",,,0,",,W,2400",,,81,",,W",48,",,W",270,",,W",250,",,W",23.9,",,W",31.1,",,W",,,,,,,,
USW00023190,"SANTA BARBARA MUNICIPAL AIRPORT, CA US",34.4241,-119.84249,2.5,10/29/2023,3.36,",,W",,,0,",,W,2400",,,76,",,W",43,",,W",240,",,W",250,",,W",12.1,",,W",16.1,",,W",,,,,,,,
USW00023190,"SANTA BARBARA MUNICIPAL AIRPORT, CA US",34.4241,-119.84249,2.5,10/30/2023,3.58,",,W",,,0,",,W,2400",,,75,",,W",39,",,W",250,",,W",270,",,W",14.1,",,W",16.1,",,W",,,,,,,,
USW00023190,"SANTA BARBARA MUNICIPAL AIRPORT, CA US",34.4241,-119.84249,2.5,10/31/2023,3.36,",,W",,,0,",,W,2400",,,84,",,W",39,",,W",260,",,W",260,",,W",13,",,W",15,",,W",,,,,,,,
USW00023190,"SANTA BARBARA MUNICIPAL AIRPORT, CA US",34.4241,-119.84249,2.5,11/1/2023,2.46,",,W",,,0,",,W,2400",,,85,",,W",43,",,W",240,",,W",250,",,W",12.1,",,W",12.1,",,W",,,,,,,,
USW00023190,"SANTA BARBARA MUNICIPAL AIRPORT, CA US",34.4241,-119.84249,2.5,11/2/2023,2.91,",,W",,,0,",,W,2400",,,80,",,W",45,",,W",250,",,W",270,",,W",10.1,",,W",12.1,",,W",,,,,,,,
USW00023190,"SANTA BARBARA MUNICIPAL AIRPORT, CA US",34.4241,-119.84249,2.5,11/3/2023,2.91,",,W",,,0,",,W,2400",,,76,",,W",43,",,W",240,",,W",240,",,W",8.9,",,W",10.1,",,W",,,,,,,,
USW00023190,"SANTA BARBARA MUNICIPAL AIRPORT, CA US",34.4241,-119.84249,2.5,11/4/2023,3.13,",,W",,,0,",,W,2400",,,72,",,W",46,",,W",260,",,W",260,",,W",14.1,",,W",17,",,W",1,",,W",,,,,1,",,W"
USW00023190,"SANTA BARBARA MUNICIPAL AIRPORT, CA US",34.4241,-119.84249,2.5,11/5/2023,2.68,",,W",,,0,",,W,2400",,,73,",,W",49,",,W",240,",,W",250,",,W",8.1,",,W",11,",,W",1,",,W",,,,,1,",,W"
USW00023190,"SANTA BARBARA MUNICIPAL AIRPORT, CA US",34.4241,-119.84249,2.5,11/6/2023,3.8,",,W",,,0,",,W,2400",,,74,",,W",48,",,W",240,",,W",250,",,W",14.1,",,W",17,",,W",,,,,,,,
USW00023190,"SANTA BARBARA MUNICIPAL AIRPORT, CA US",34.4241,-119.84249,2.5,11/7/2023,7.61,",,W",,,0,",,W,2400",,,79,",,W",55,",,W",350,",,W",300,",,W",21,",,W",28,",,W",,,,,,,,
USW00023190,"SANTA BARBARA MUNICIPAL AIRPORT, CA US",34.4241,-119.84249,2.5,11/8/2023,5.59,",,W",,,0,",,W,2400",,,74,",,W",46,",,W",20,",,W",10,",,W",18.1,",,W",25.9,",,W",,,,,,,,
USW00023190,"SANTA BARBARA MUNICIPAL AIRPORT, CA US",34.4241,-119.84249,2.5,11/9/2023,2.91,",,W",,,0,",,W,2400",,,76,",,W",39,",,W",240,",,W",240,",,W",13,",,W",15,",,W",,,,,,,,
USW00023190,"SANTA BARBARA MUNICIPAL AIRPORT, CA US",34.4241,-119.84249,2.5,11/10/2023,2.01,",,W",,,0,",,W,2400",,,72,",,W",40,",,W",240,",,W",240,",,W",8.1,",,W",10.1,",,W",,,,,,,,
USW00023190,"SANTA BARBARA MUNICIPAL AIRPORT, CA US",34.4241,-119.84249,2.5,11/11/2023,2.24,",,W",,,0,",,W,2400",,,79,",,W",40,",,W",250,",,W",250,",,W",10.1,",,W",13,",,W",,,,,,,,
USW00023190,"SANTA BARBARA MUNICIPAL AIRPORT, CA US",34.4241,-119.84249,2.5,11/12/2023,2.46,",,W",,,0,",,W,2400",,,83,",,W",40,",,W",240,",,W",250,",,W",12.1,",,W",14.1,",,W",,,,,,,,
USW00023190,"SANTA BARBARA MUNICIPAL AIRPORT, CA US",34.4241,-119.84249,2.5,11/13/2023,3.58,",,W",,,0,",,W,2400",,,71,",,W",44,",,W",130,",,W",120,",,W",14.1,",,W",18.1,",,W",,,,,,,,
USW00023190,"SANTA BARBARA MUNICIPAL AIRPORT, CA US",34.4241,-119.84249,2.5,11/14/2023,2.01,",,W",,,0,",,W,2400",,,73,",,W",43,",,W",180,",,W",230,",,W",8.1,",,W",10.1,",,W",,,,,,,,
USW00023190,"SANTA BARBARA MUNICIPAL AIRPORT, CA US",34.4241,-119.84249,2.5,11/15/2023,10.51,",,W",,,0.06,",,W,2400",,,69,",,W",45,",,W",140,",,W",140,",,W",23.9,",,W",32,",,W",1,",,W",,,,,,
USW00023190,"SANTA BARBARA MUNICIPAL AIRPORT, CA US",34.4241,-119.84249,2.5,11/16/2023,6.26,",,W",,,0.02,",,W,2400",,,71,",,W",56,",,W",130,",,W",130,",,W",15,",,W",19.9,",,W",1,",,W",,,,,,
USW00023190,"SANTA BARBARA MUNICIPAL AIRPORT, CA US",34.4241,-119.84249,2.5,11/17/2023,6.49,",,W",,,0.01,",,W,2400",,,70,",,W",52,",,W",110,",,W",120,",,W",15,",,W",19,",,W",1,",,W",,,,,,
USW00023190,"SANTA BARBARA MUNICIPAL AIRPORT, CA US",34.4241,-119.84249,2.5,11/18/2023,7.38,",,W",,,0.16,",,W,2400",,,68,",,W",55,",,W",110,",,W",90,",,W",15,",,W",19,",,W",1,",,W",,,,,1,",,W"
USW00023190,"SANTA BARBARA MUNICIPAL AIRPORT, CA US",34.4241,-119.84249,2.5,11/19/2023,8.28,",,W",,,0,",,W,2400",,,79,",,W",51,",,W",350,",,W",340,",,W",21.9,",,W",25.9,",,W",,,,,,,,
USW00023190,"SANTA BARBARA MUNICIPAL AIRPORT, CA US",34.4241,-119.84249,2.5,11/20/2023,3.36,",,W",,,0,",,W,2400",,,71,",,W",42,",,W",150,",,W",140,",,W",10.1,",,W",13,",,W",,,,,,,,
USW00023190,"SANTA BARBARA MUNICIPAL AIRPORT, CA US",34.4241,-119.84249,2.5,11/21/2023,3.58,",,W",,,0,",,W,2400",,,77,",,W",39,",,W",260,",,W",260,",,W",13,",,W",16.1,",,W",,,,,,,1,",,W"
USW00023190,"SANTA BARBARA MUNICIPAL AIRPORT, CA US",34.4241,-119.84249,2.5,11/22/2023,2.91,",,W",,,0,",,W,2400",,,77,",,W",44,",,W",270,",,W",270,",,W",14.1,",,W",17,",,W",,,,,,,1,",,W"
USW00023190,"SANTA BARBARA MUNICIPAL AIRPORT, CA US",34.4241,-119.84249,2.5,11/23/2023,4.7,",,W",,,0,",,W,2400",,,72,",,W",48,",,W",30,",,W",30,",,W",15,",,W",19,",,W",,,,,,,,
USW00023190,"SANTA BARBARA MUNICIPAL AIRPORT, CA US",34.4241,-119.84249,2.5,11/24/2023,3.8,",,W",,,0,",,W,2400",,,69,",,W",47,",,W",240,",,W",240,",,W",10.1,",,W",13,",,W",,,,,,,,
USW00023190,"SANTA BARBARA MUNICIPAL AIRPORT, CA US",34.4241,-119.84249,2.5,11/25/2023,2.01,",,W",,,0,",,W,2400",,,69,",,W",44,",,W",160,",,W",130,",,W",8.9,",,W",12.1,",,W",,,,,,,,
USW00023190,"SANTA BARBARA MUNICIPAL AIRPORT, CA US",34.4241,-119.84249,2.5,11/26/2023,1.79,",,W",,,0,",,W,2400",,,70,",,W",42,",,W",130,",,W",140,",,W",12.1,",,W",17,",,W",,,,,,,,
USW00023190,"SANTA BARBARA MUNICIPAL AIRPORT, CA US",34.4241,-119.84249,2.5,11/27/2023,2.24,",,W",,,0,",,W,2400",,,72,",,W",40,",,W",130,",,W",130,",,W",17,",,W",21.9,",,W",,,,,,,,
USW00023190,"SANTA BARBARA MUNICIPAL AIRPORT, CA US",34.4241,-119.84249,2.5,11/28/2023,2.91,",,W",,,0,",,W,2400",,,70,",,W",41,",,W",250,",,W",270,",,W",12.1,",,W",13,",,W",,,,,,,,
USW00023190,"SANTA BARBARA MUNICIPAL AIRPORT, CA US",34.4241,-119.84249,2.5,11/29/2023,4.47,",,W",,,0,",,W,2400",,,67,",,W",44,",,W",260,",,W",260,",,W",13,",,W",16.1,",,W",,,,,,,,
USW00023190,"SANTA BARBARA MUNICIPAL AIRPORT, CA US",34.4241,-119.84249,2.5,11/30/2023,4.7,",,W",,,0,"T,,W,2400",,,72,",,W",45,",,W",260,",,W",260,",,W",21.9,",,W",30,",,W",1,",,W",,,,,,
USW00023190,"SANTA BARBARA MUNICIPAL AIRPORT, CA US",34.4241,-119.84249,2.5,12/1/2023,8.95,",,W",,,0,",,W,2400",,,74,",,W",48,",,W",360,",,W",10,",,W",19.9,",,W",25.1,",,W",,,,,,,,
USW00023190,"SANTA BARBARA MUNICIPAL AIRPORT, CA US",34.4241,-119.84249,2.5,12/2/2023,2.68,",,W",,,0,",,W,2400",,,67,",,W",40,",,W",150,",,W",150,",,W",10.1,",,W",13,",,W",,,,,,,,
USW00023190,"SANTA BARBARA MUNICIPAL AIRPORT, CA US",34.4241,-119.84249,2.5,12/3/2023,2.01,",,W",,,0,",,W,2400",,,66,",,W",41,",,W",140,",,W",130,",,W",8.9,",,W",12.1,",,W",,,,,,,,
USW00023190,"SANTA BARBARA MUNICIPAL AIRPORT, CA US",34.4241,-119.84249,2.5,12/4/2023,2.46,",,W",,,0,",,W,2400",,,72,",,W",44,",,W",250,",,W",240,",,W",10.1,",,W",13,",,W",,,,,,,,
USW00023190,"SANTA BARBARA MUNICIPAL AIRPORT, CA US",34.4241,-119.84249,2.5,12/5/2023,3.13,",,W",,,0,",,W,2400",,,79,",,W",43,",,W",250,",,W",240,",,W",10.1,",,W",15,",,W",,,,,,,,
USW00023190,"SANTA BARBARA MUNICIPAL AIRPORT, CA US",34.4241,-119.84249,2.5,12/6/2023,3.8,",,W",,,0,",,W,2400",,,72,",,W",44,",,W",260,",,W",240,",,W",17,",,W",25.1,",,W",,,,,,,1,",,W"
USW00023190,"SANTA BARBARA MUNICIPAL AIRPORT, CA US",34.4241,-119.84249,2.5,12/7/2023,7.38,",,W",,,0,",,W,2400",,,76,",,W",49,",,W",310,",,W",320,",,W",25.9,",,W",38,",,W",,,,,,,,
USW00023190,"SANTA BARBARA MUNICIPAL AIRPORT, CA US",34.4241,-119.84249,2.5,12/8/2023,3.8,",,W",,,0,",,W,2400",,,68,",,W",44,",,W",20,",,W",10,",,W",14.1,",,W",19.9,",,W",,,,,,,,
USW00023190,"SANTA BARBARA MUNICIPAL AIRPORT, CA US",34.4241,-119.84249,2.5,12/9/2023,2.24,",,W",,,0,",,W,2400",,,70,",,W",40,",,W",260,",,W",250,",,W",10.1,",,W",13,",,W",,,,,,,,
USW00023190,"SANTA BARBARA MUNICIPAL AIRPORT, CA US",34.4241,-119.84249,2.5,12/10/2023,1.79,",,W",,,0,",,W,2400",,,72,",,W",39,",,W",240,",,W",230,",,W",8.1,",,W",11,",,W",,,,,,,,
USW00023190,"SANTA BARBARA MUNICIPAL AIRPORT, CA US",34.4241,-119.84249,2.5,12/11/2023,2.01,",,W",,,0,",,W,2400",,,69,",,W",40,",,W",130,",,W",160,",,W",6.9,",,W",11,",,W",,,,,,,,
USW00023190,"SANTA BARBARA MUNICIPAL AIRPORT, CA US",34.4241,-119.84249,2.5,12/12/2023,1.79,",,W",,,0,",,W,2400",,,66,",,W",40,",,W",160,",,W",200,",,W",8.9,",,W",13,",,W",1,",,W",,,,,,
USW00023190,"SANTA BARBARA MUNICIPAL AIRPORT, CA US",34.4241,-119.84249,2.5,12/13/2023,2.91,",,W",,,0,",,W,2400",,,68,",,W",41,",,W",260,",,W",250,",,W",10.1,",,W",14.1,",,W",1,",,W",,,,,,
USW00023190,"SANTA BARBARA MUNICIPAL AIRPORT, CA US",34.4241,-119.84249,2.5,12/14/2023,2.01,",,W",,,0,",,W,2400",,,72,",,W",39,",,W",130,",,W",140,",,W",8.9,",,W",12.1,",,W",,,,,,,,
USW00023190,"SANTA BARBARA MUNICIPAL AIRPORT, CA US",34.4241,-119.84249,2.5,12/15/2023,1.12,",,W",,,0,",,W,2400",,,77,",,W",39,",,W",110,",,W",200,",,W",6.9,",,W",10.1,",,W",,,,,,,,
USW00023190,"SANTA BARBARA MUNICIPAL AIRPORT, CA US",34.4241,-119.84249,2.5,12/16/2023,3.58,",,W",,,0,",,W,2400",,,77,",,W",40,",,W",250,",,W",260,",,W",15,",,W",19.9,",,W",,,,,,,,
USW00023190,"SANTA BARBARA MUNICIPAL AIRPORT, CA US",34.4241,-119.84249,2.5,12/17/2023,2.01,",,W",,,0,",,W,2400",,,78,",,W",47,",,W",250,",,W",250,",,W",12.1,",,W",14.1,",,W",,,,,,,,
USW00023190,"SANTA BARBARA MUNICIPAL AIRPORT, CA US",34.4241,-119.84249,2.5,12/18/2023,3.8,",,W",,,0.15,",,W,2400",,,71,",,W",56,",,W",270,",,W",210,",,W",12.1,",,W",14.1,",,W",1,",,W",,,,,,
USW00023190,"SANTA BARBARA MUNICIPAL AIRPORT, CA US",34.4241,-119.84249,2.5,12/19/2023,7.61,",,W",,,0.35,",,W,2400",,,63,",,W",60,",,W",120,",,W",110,",,W",14.1,",,W",19,",,W",1,",,W",,,,,1,",,W"
USW00023190,"SANTA BARBARA MUNICIPAL AIRPORT, CA US",34.4241,-119.84249,2.5,12/20/2023,12.3,",,W",,,1.14,",,W,2400",,,63,",,W",58,",,W",110,",,W",120,",,W",21.9,",,W",31.1,",,W",1,",,W",,,,,,
USW00023190,"SANTA BARBARA MUNICIPAL AIRPORT, CA US",34.4241,-119.84249,2.5,12/21/2023,9.17,",,W",,,2.6,",,W,2400",,,63,",,W",58,",,W",80,",,W",60,",,W",19.9,",,W",28,",,W",1,",,W",,,1,",,W",,
USW00023190,"SANTA BARBARA MUNICIPAL AIRPORT, CA US",34.4241,-119.84249,2.5,12/22/2023,4.03,",,W",,,0.23,",,W,2400",,,68,",,W",54,",,W",50,",,W",50,",,W",12.1,",,W",16.1,",,W",1,",,W",,,,,1,",,W"
USW00023190,"SANTA BARBARA MUNICIPAL AIRPORT, CA US",34.4241,-119.84249,2.5,12/23/2023,4.92,",,W",,,0,",,W,2400",,,66,",,W",49,",,W",50,",,W",40,",,W",16.1,",,W",19,",,W",,,,,,,,
USW00023190,"SANTA BARBARA MUNICIPAL AIRPORT, CA US",34.4241,-119.84249,2.5,12/24/2023,2.46,",,W",,,0,"T,,W,2400",,,65,",,W",48,",,W",260,",,W",240,",,W",12.1,",,W",15,",,W",,,,,,,,
USW00023190,"SANTA BARBARA MUNICIPAL AIRPORT, CA US",34.4241,-119.84249,2.5,12/25/2023,2.01,",,W",,,0,",,W,2400",,,67,",,W",45,",,W",110,",,W",80,",,W",8.1,",,W",12.1,",,W",,,,,,,,
USW00023190,"SANTA BARBARA MUNICIPAL AIRPORT, CA US",34.4241,-119.84249,2.5,12/26/2023,1.79,",,W",,,0,",,W,2400",,,66,",,W",47,",,W",260,",,W",250,",,W",12.1,",,W",17,",,W",1,",,W",,,,,,
USW00023190,"SANTA BARBARA MUNICIPAL AIRPORT, CA US",34.4241,-119.84249,2.5,12/27/2023,3.13,",,W",,,0,",,W,2400",,,64,",,W",49,",,W",260,",,W",260,",,W",12.1,",,W",15,",,W",1,",,W",,,,,,
USW00023190,"SANTA BARBARA MUNICIPAL AIRPORT, CA US",34.4241,-119.84249,2.5,12/28/2023,3.8,",,W",,,0,",,W,2400",,,66,",,W",46,",,W",270,",,W",250,",,W",10.1,",,W",13,",,W",1,",,W",,,,,,
USW00023190,"SANTA BARBARA MUNICIPAL AIRPORT, CA US",34.4241,-119.84249,2.5,12/29/2023,5.59,",,W",,,0,",,W,2400",,,64,",,W",52,",,W",90,",,W",110,",,W",12.1,",,W",16.1,",,W",1,",,W",1,",,W",,,,
USW00023190,"SANTA BARBARA MUNICIPAL AIRPORT, CA US",34.4241,-119.84249,2.5,12/30/2023,7.16,",,W",1532,",,W",0.58,",,W,2400",,,66,",,W",53,",,W",240,",,W",270,",,W",19.9,",,W",25.9,",,W",1,",,W",,,,,,
USW00023190,"SANTA BARBARA MUNICIPAL AIRPORT, CA US",34.4241,-119.84249,2.5,12/31/2023,,,,,0.01,",,D,2400",,,64,",,D",48,",,D",,,,,,,,,,,,,,,,
